Date,Symbol,Opening Price,Highest Price,Lowest Price,Closing Price,Volume of Trade,P/E Ratio,P/B Ratio
2022-05-17 00:00:00+05:30,LICI.NS,853.7745923039846,899.7433165364677,842.0254006667737,856.9566650390625,48792877,131.4350713250096,47.71473636074958
2022-05-18 00:00:00+05:30,LICI.NS,867.0413557015811,872.3774587310119,855.8306569904598,858.0336303710938,8919761,131.60025005691622,47.7747010228894
2022-05-19 00:00:00+05:30,LICI.NS,848.8789798791942,848.8789798791942,820.4851039662799,823.2755126953125,7372427,126.26925041339149,45.839393802634326
2022-05-20 00:00:00+05:30,LICI.NS,830.814598304494,838.8921665498716,807.7568245377648,808.8828125,7078291,124.06178105828222,45.03801851336303
2022-05-23 00:00:00+05:30,LICI.NS,808.8828927766449,834.8779666669988,786.8531590120268,799.7772216796875,12444648,122.66521804903184,44.53102570599596
2022-05-24 00:00:00+05:30,LICI.NS,800.9031026267141,817.2540703412806,799.7771147033411,805.896484375,4287864,123.60375527223927,44.871741891703785
2022-05-25 00:00:00+05:30,LICI.NS,814.1210137133788,823.8630630512607,797.2315519135523,803.1550903320312,4013031,123.18329606319499,44.71910302516878
2022-05-26 00:00:00+05:30,LICI.NS,803.1550855607223,807.5610320910245,784.2584823937663,794.6859130859375,2796468,121.88434249784318,44.247545272045514
2022-05-27 00:00:00+05:30,LICI.NS,801.4416767288318,807.4142179915813,797.3294479392858,804.4279174804688,2215807,123.37851495099214,44.78997313365639
2022-05-30 00:00:00+05:30,LICI.NS,812.5544516136845,823.81409243627,808.0505594289665,820.2403564453125,3133717,125.80373565112156,45.67039846577464
2022-05-31 00:00:00+05:30,LICI.NS,793.0703836247329,804.8195744932475,793.0703836247329,794.3432006835938,4373090,121.83177924594997,44.22846328973239
2022-06-01 00:00:00+05:30,LICI.NS,794.4411353581692,800.364673719682,791.6017237008452,793.4620361328125,1670031,121.69663130871358,44.179400675546354
2022-06-02 00:00:00+05:30,LICI.NS,793.0214010505172,796.79090902898,787.1957489169612,788.8602294921875,1565763,120.99083274420055,43.92317536148037
2022-06-03 00:00:00+05:30,LICI.NS,791.7485657985026,793.8046501467132,783.2793340948141,783.5241088867188,2052785,120.1724093384538,43.626063969193694
2022-06-06 00:00:00+05:30,LICI.NS,783.5241172495321,784.943823009626,758.899749017314,761.1027221679688,3033514,116.73354634478049,42.37765713630115
2022-06-07 00:00:00+05:30,LICI.NS,756.7458172927339,756.7458172927339,736.0867877244,737.26171875,3774512,113.07695072852762,41.05020705734967
2022-06-08 00:00:00+05:30,LICI.NS,737.1638043406336,737.1638043406336,720.7148901346777,722.6241455078125,4103499,110.83192415763996,40.23519741134813
2022-06-09 00:00:00+05:30,LICI.NS,714.6445928955474,720.6170746375292,705.0493720832806,706.615966796875,3729113,108.37668202406059,39.3438734296701
2022-06-10 00:00:00+05:30,LICI.NS,698.0977145572328,704.7066340148224,693.251161669773,694.86669921875,3464178,106.57464711944019,38.68968258456292
2022-06-13 00:00:00+05:30,LICI.NS,676.4597032164484,676.4597032164484,653.0592069786405,654.2830810546875,7781730,100.35016580593367,36.430015648924694
2022-06-14 00:00:00+05:30,LICI.NS,650.2197798278542,669.7038785611272,649.1427945702154,660.2066040039062,5348769,101.25868159569114,36.75983318507273
2022-06-15 00:00:00+05:30,LICI.NS,666.7666203725731,694.8667821110956,664.9063078069493,675.7254028320312,9204318,103.63886546503548,37.6239088436543
2022-06-16 00:00:00+05:30,LICI.NS,688.7473018759634,691.2439927306748,653.059126276714,655.3599853515625,4049782,100.51533517662003,36.489976912670514
2022-06-17 00:00:00+05:30,LICI.NS,655.1152041232064,655.3599789057602,637.3935337700984,640.8693237304688,4043000,98.29284106295533,35.683147201028326
2022-06-20 00:00:00+05:30,LICI.NS,646.6461376684404,652.7655082274962,636.4145381418035,647.5762939453125,3522551,99.32151747627493,36.05658652256751
2022-06-21 00:00:00+05:30,LICI.NS,653.0592418116137,657.3673026928734,649.1428445593701,651.296875,2355354,99.89215874233129,36.26374582405345
2022-06-22 00:00:00+05:30,LICI.NS,652.0801590821247,670.5851604733829,650.2198464362061,654.6257934570312,3472810,100.40272905782689,36.44909763123782
2022-06-23 00:00:00+05:30,LICI.NS,656.1923028306743,660.5982492779356,644.8347161331612,651.2478637695312,1798979,99.88464168244344,36.261016913671
2022-06-24 00:00:00+05:30,LICI.NS,655.3110566139269,659.472228048866,645.3242332181791,647.8209838867188,1743400,99.35904660839245,36.07021068411574
2022-06-27 00:00:00+05:30,LICI.NS,655.9965407902234,655.9965407902234,647.8700284308376,650.9052124023438,1405766,99.83208779177052,36.241938329751875
2022-06-28 00:00:00+05:30,LICI.NS,649.3875265841308,650.9051183506014,645.2263550982921,649.4854125976562,1004747,99.6143270855301,36.16288488851092
2022-06-29 00:00:00+05:30,LICI.NS,646.3033973753409,682.2852951665968,644.0514810300963,664.31884765625,4653282,101.88939381230828,36.98879998086024
2022-06-30 00:00:00+05:30,LICI.NS,664.3188350464053,669.4101630517142,656.9755907385969,659.8150024414062,1681412,101.19862000635065,36.73802908916516
2022-07-01 00:00:00+05:30,LICI.NS,660.8919088303567,665.7384614470062,655.0173140851979,662.5074462890625,1330472,101.61157151672738,36.88794244371172
2022-07-04 00:00:00+05:30,LICI.NS,663.8292762983019,679.4948639395598,663.8292762983019,677.8303833007812,1832039,103.96171523018118,37.7411126559455
2022-07-05 00:00:00+05:30,LICI.NS,683.4112152844916,697.9998167065304,682.432116122193,687.9640502929688,3662593,105.51595863389092,38.305348011857944
2022-07-06 00:00:00+05:30,LICI.NS,692.2232137980867,698.6852453554935,686.8381675804213,688.2578735351562,1253320,105.56102354833685,38.321707880576625
2022-07-07 00:00:00+05:30,LICI.NS,693.2022543617994,699.762231150169,681.4530636099046,683.460205078125,1843219,104.82518482793328,38.05457712016286
2022-07-08 00:00:00+05:30,LICI.NS,686.5933043414176,695.9436896179875,686.5933043414176,693.3001098632812,2152750,106.33437267841738,38.602456005750625
2022-07-11 00:00:00+05:30,LICI.NS,693.153259528653,706.8117047084527,689.6284667109309,703.1890258789062,1638255,107.85107758878931,39.15306380172083
2022-07-12 00:00:00+05:30,LICI.NS,703.6786074764252,709.2594848721626,699.419490097809,702.6015625,1355821,107.76097584355828,39.12035425946548
2022-07-13 00:00:00+05:30,LICI.NS,704.8536025500359,708.7699997087872,700.4965987590297,703.8255004882812,887093,107.94869639390818,39.188502254358646
2022-07-14 00:00:00+05:30,LICI.NS,705.0493770853672,706.175365176268,694.1813988353193,697.4124145507812,874964,106.9650942562548,38.83142619993214
2022-07-15 00:00:00+05:30,LICI.NS,704.4129824653246,706.1753492012105,690.3139290592844,693.6918334960938,999239,106.39445299019843,38.6242668984462
2022-07-18 00:00:00+05:30,LICI.NS,695.1604045969243,698.7341404398375,678.5157188530543,681.9425659179688,1620545,104.59241808557803,37.970076053339014
2022-07-19 00:00:00+05:30,LICI.NS,682.432135921315,684.3903343027248,673.620243204971,674.4524536132812,1592940,103.44362785479774,37.55303193837869
2022-07-20 00:00:00+05:30,LICI.NS,679.7886305834746,682.1874358152373,672.3964428361884,673.3265991210938,1377738,103.27095078544383,37.49034516264442
2022-07-21 00:00:00+05:30,LICI.NS,673.6202330459105,678.5157289256045,672.6900768768743,673.1796264648438,799923,103.24840896700059,37.482161829891076
2022-07-22 00:00:00+05:30,LICI.NS,674.6483177065369,679.7885887038618,673.3265576395861,674.2567138671875,948078,103.41360642134778,37.5421332888189
2022-07-25 00:00:00+05:30,LICI.NS,673.6202470194775,675.578445411976,667.745651841982,669.6549072265625,671602,102.70780785683475,37.285907974752924
2022-07-26 00:00:00+05:30,LICI.NS,669.7039129198602,670.4871803982802,660.8920193288094,661.2346801757812,662692,101.4163619901505,36.81707573361811
2022-07-27 00:00:00+05:30,LICI.NS,660.8919315204257,665.3957637425547,658.8358471928169,660.2554931640625,690747,101.26617993313843,36.76255529866717
2022-07-28 00:00:00+05:30,LICI.NS,662.8501517784842,665.0531249564777,659.9128542078263,660.7940673828125,741896,101.34878334092217,36.79254272732809
2022-07-29 00:00:00+05:30,LICI.NS,662.0179450344432,669.5080180253907,660.8919570556706,663.6334228515625,1519288,101.78426730852186,36.95063601623399
2022-08-01 00:00:00+05:30,LICI.NS,665.7874804019865,671.2704122191541,664.22094552836,668.6268920898438,949173,102.55013682359568,37.22866882460154
2022-08-02 00:00:00+05:30,LICI.NS,668.1373625679728,674.5504508040177,665.9833322323418,671.1725463867188,1061968,102.94057459919,37.370409041576764
2022-08-03 00:00:00+05:30,LICI.NS,670.6829625347793,673.6202601809171,662.8501688117454,664.1229858398438,951585,101.85935365641775,36.97789453451246
2022-08-04 00:00:00+05:30,LICI.NS,667.745713791055,669.1654197092219,656.6819037989053,659.6192016601562,1036357,101.16858921168041,36.72712704121137
2022-08-05 00:00:00+05:30,LICI.NS,660.8919142689341,680.4249539092207,660.0107011461214,672.9837646484375,3867024,103.21836881111005,37.47125638354329
2022-08-08 00:00:00+05:30,LICI.NS,666.1301364122287,673.6202694163603,664.3188267427332,665.7874755859375,1215231,102.11464349477569,37.07057213730164
2022-08-10 00:00:00+05:30,LICI.NS,668.2351828345458,673.5712852574263,666.5217592888162,668.3330688476562,1133206,102.50507190914973,37.21230895588286
2022-08-11 00:00:00+05:30,LICI.NS,671.1235458341164,675.3826033693643,667.0602603275686,668.382080078125,1055646,102.51258896903758,37.21503786626531
2022-08-12 00:00:00+05:30,LICI.NS,668.9696006428011,672.7391090660856,666.8155702182903,668.1373901367188,867471,102.47505983692007,37.201413704717076
2022-08-16 00:00:00+05:30,LICI.NS,678.5157681803222,691.831493839667,676.8512875330354,683.068603515625,4029367,104.76512323859279,38.032773024255285
2022-08-17 00:00:00+05:30,LICI.NS,687.3276445309764,689.2858429484436,682.4321484873085,683.3623046875,1443441,104.81016943059817,38.049126096185965
2022-08-18 00:00:00+05:30,LICI.NS,684.2925129810184,688.7963457802681,680.4740018724752,681.6978759765625,1010173,104.55488895346052,37.956451891790785
2022-08-19 00:00:00+05:30,LICI.NS,683.3133453613896,684.3413875541155,668.8226296105933,671.6130981445312,1403378,103.00814388719805,37.394938649472785
2022-08-22 00:00:00+05:30,LICI.NS,670.585056995003,670.585056995003,660.8919511411442,661.1856689453125,1331779,101.40884493026266,36.81434682323566
2022-08-23 00:00:00+05:30,LICI.NS,660.4023863555544,664.6125008103747,656.2412149070576,657.0734252929688,1053329,100.77813271364552,36.585380027448146
2022-08-24 00:00:00+05:30,LICI.NS,659.0316582928083,668.7247644336298,657.9546730591497,662.1158447265625,1473399,101.55150992738689,36.866138347804146
2022-08-25 00:00:00+05:30,LICI.NS,665.7956291046899,670.0151030586502,664.3727672187799,665.1577758789062,865146,102.01806378510832,37.035510906397896
2022-08-26 00:00:00+05:30,LICI.NS,668.1507013451395,669.6226150124655,665.3540294418277,666.1390380859375,691903,102.16856412361005,37.09014688674485
2022-08-29 00:00:00+05:30,LICI.NS,657.4547744217576,662.312101524681,654.7072142086084,657.6019897460938,1400803,100.85920088130273,36.61481011949297
2022-08-30 00:00:00+05:30,LICI.NS,660.8892822265625,664.2746958734485,659.6136356053325,660.8892822265625,689256,101.3633868445648,36.79784422196896
2022-09-01 00:00:00+05:30,LICI.NS,660.3986121370601,664.1765000029066,655.5412849578848,656.1791381835938,1019021,100.64097211404813,36.535586758551986
2022-09-02 00:00:00+05:30,LICI.NS,658.436094774972,660.3005428452738,651.5671638309709,652.2050170898438,914138,100.0314443389331,36.314310528387736
2022-09-05 00:00:00+05:30,LICI.NS,653.5296614861404,656.6207041122595,646.8079464322875,647.4457397460938,1467031,99.301493826088,36.04931735780032
2022-09-06 00:00:00+05:30,LICI.NS,649.6045927833967,651.4199290933093,638.8105587643372,640.5768432617188,1984406,98.24798209535564,35.66686209697766
2022-09-07 00:00:00+05:30,LICI.NS,640.57680563375,643.1281585510532,638.8105212401214,640.9202880859375,1236249,98.30065768189226,35.68598486001879
2022-09-08 00:00:00+05:30,LICI.NS,643.7170059624681,646.6608337336379,640.086273066226,641.6072387695312,1138616,98.40601821618579,35.724233784495055
2022-09-09 00:00:00+05:30,LICI.NS,645.4831847801796,646.660727673983,640.429650537239,641.0674438476562,1220396,98.32322758399637,35.69417838795413
2022-09-12 00:00:00+05:30,LICI.NS,642.7357197436373,644.4529525826471,639.3993576994872,639.9881591796875,1161662,98.15769312571895,35.634084586842285
2022-09-13 00:00:00+05:30,LICI.NS,642.7356776600674,660.7911771421044,641.2637638944336,657.7001342773438,4249316,100.87425372351899,36.62027473704586
2022-09-14 00:00:00+05:30,LICI.NS,652.2540606161559,665.3050172654649,649.8008710244691,651.0274658203125,2467127,99.85083831599886,36.24874531293499
2022-09-15 00:00:00+05:30,LICI.NS,652.5484311169325,663.9312068606893,647.7892672679717,660.006103515625,2899060,101.22792998705906,36.7486694607809
2022-09-16 00:00:00+05:30,LICI.NS,658.3380687141217,659.1230775074631,641.116627618726,642.5394897460938,1723016,98.54900149479967,35.77614085445956
2022-09-19 00:00:00+05:30,LICI.NS,645.9738736999608,651.1255718616071,641.7543995650773,642.4903564453125,1004677,98.54146571247125,35.77340514728911
2022-09-20 00:00:00+05:30,LICI.NS,645.237967884721,652.597537269519,643.2754160487749,644.0604248046875,927521,98.78227374305024,35.86082543455944
2022-09-21 00:00:00+05:30,LICI.NS,644.1095111746284,647.5439767524193,639.5956061941359,640.2334594726562,920171,98.19531587003931,35.64774273233053
2022-09-22 00:00:00+05:30,LICI.NS,640.7731922321385,646.6608479034905,635.8668125060119,637.5840454101562,1270228,97.78896401996262,35.500225245554354
2022-09-23 00:00:00+05:30,LICI.NS,639.3992526796062,640.7240108732223,629.9790294669347,630.7640380859375,1212921,96.74295062667754,35.12049209832614
2022-09-26 00:00:00+05:30,LICI.NS,628.0165379093133,628.9978137497966,617.3206072911156,618.7434692382812,1072834,94.8993050978959,34.45119539188648
2022-09-27 00:00:00+05:30,LICI.NS,620.1663398289637,625.6614606553283,616.2412364123247,617.0262451171875,1138955,94.63592716521282,34.35558157668082
2022-09-28 00:00:00+05:30,LICI.NS,615.9959298356475,615.9959298356475,608.6363607814582,609.8139038085938,845815,93.52973984794383,33.95400355281702
2022-09-29 00:00:00+05:30,LICI.NS,612.217987464298,615.1618148252886,606.4284363640878,607.9494018554688,777577,93.24377329071608,33.850189412888014
2022-09-30 00:00:00+05:30,LICI.NS,608.6363217436741,614.6711919379647,605.4471753580765,610.0101318359375,873228,93.55983617115606,33.96492938952881
2022-10-03 00:00:00+05:30,LICI.NS,610.3534852295113,613.2973123286889,607.654977055265,608.9796752929688,820751,93.40179068910564,33.90755430361741
2022-10-04 00:00:00+05:30,LICI.NS,612.3160959690318,619.9700351901804,612.3160959690318,617.516845703125,776287,94.71117265385354,34.38289786765729
2022-10-06 00:00:00+05:30,LICI.NS,618.7434588225856,623.8951568984012,616.7318553619223,617.1243896484375,774273,94.65098000742907,34.361046194233715
2022-10-07 00:00:00+05:30,LICI.NS,617.2225039797463,618.2037798207316,612.3161247748199,612.8067626953125,644846,93.98876728455714,34.120643802634326
2022-10-10 00:00:00+05:30,LICI.NS,611.0405055709567,611.0405055709567,606.6247640884351,607.8023071289062,863600,93.22121274983225,33.841999283346674
2022-10-11 00:00:00+05:30,LICI.NS,609.0779336264674,614.229631852103,606.428476846247,607.900390625,775141,93.23625623082823,33.84746050250557
2022-10-12 00:00:00+05:30,LICI.NS,609.8629989064927,611.0405420171999,602.3562139815241,604.12255859375,700431,92.6568341401457,33.637113507447104
2022-10-13 00:00:00+05:30,LICI.NS,604.4658918647798,606.8700295495245,599.5595128723709,600.1482543945312,686400,92.04727828136983,33.41582708210085
2022-10-14 00:00:00+05:30,LICI.NS,606.0359175835812,607.4587794895615,600.5407969928631,601.3258056640625,617660,92.22788430430407,33.48139229755359
2022-10-17 00:00:00+05:30,LICI.NS,601.32577841553,602.0617352412405,596.6156667094456,597.3516235351562,772169,91.61834716796875,33.26011266899533
2022-10-18 00:00:00+05:30,LICI.NS,599.5595487665747,600.9333589236246,596.1250832662752,596.468505859375,696884,91.48289967168328,33.21094130620128
2022-10-19 00:00:00+05:30,LICI.NS,597.498867873326,599.5595231284587,594.1625061444873,595.6834716796875,637868,91.36249565639379,33.16723116256612
2022-10-20 00:00:00+05:30,LICI.NS,596.1740480496636,596.566582292182,588.7654283875833,589.7467041015625,1042196,90.45194848183475,32.83667617491996
2022-10-21 00:00:00+05:30,LICI.NS,589.8939203533768,589.8939203533768,576.9901207371083,578.1676635742188,1854225,88.6760220205857,32.191963450680326
2022-10-24 00:00:00+05:30,LICI.NS,581.8965503942507,589.5504896688641,581.8965503942507,588.5692138671875,457731,90.27135182012078,32.771114357861215
2022-10-25 00:00:00+05:30,LICI.NS,588.7654930965348,589.7467689183622,583.172208933653,584.3988037109375,536666,89.63171836057325,32.538908892591174
2022-10-27 00:00:00+05:30,LICI.NS,585.3310277201383,586.6066743100495,583.859113987397,584.3988037109375,651827,89.63171836057325,32.538908892591174
2022-10-28 00:00:00+05:30,LICI.NS,584.8404323558613,586.2632943794878,580.1793718630922,581.6022338867188,737228,89.20279660839245,32.38319787787966
2022-10-31 00:00:00+05:30,LICI.NS,595.5363774937316,605.2509731286331,591.5131103019479,592.6416015625,2929385,90.89595115989265,32.99786200236637
2022-11-01 00:00:00+05:30,LICI.NS,597.5478871341403,597.5478871341403,592.6415083250782,593.8681030273438,1013858,91.08406488149444,33.066152729807555
2022-11-02 00:00:00+05:30,LICI.NS,595.6344621979159,610.353600472988,591.8074622894663,607.8023071289062,1836761,93.22121274983225,33.841999283346674
2022-11-03 00:00:00+05:30,LICI.NS,607.4096731426788,617.2224303824636,604.4658459707433,613.9351806640625,1604869,94.16183752516297,34.18347331091662
2022-11-04 00:00:00+05:30,LICI.NS,616.2412313892819,619.0869553000794,614.5730504723427,616.290283203125,662123,94.52304957103145,34.314603741822104
2022-11-07 00:00:00+05:30,LICI.NS,617.2224612652055,626.0539432228953,617.2224612652055,621.3928833007812,1044987,95.3056569479726,34.59871287866265
2022-11-09 00:00:00+05:30,LICI.NS,623.1101023772193,625.7595588854759,618.3018272365936,619.4793701171875,626576,95.01217333085698,34.492169828351194
2022-11-10 00:00:00+05:30,LICI.NS,623.1101751218,623.1101751218,607.0172269569995,609.22509765625,788898,93.43943215586657,33.92121924589365
2022-11-11 00:00:00+05:30,LICI.NS,614.2786575221866,621.7854414312637,613.3464335235208,615.9468383789062,979067,94.47037398449483,34.29548097878097
2022-11-14 00:00:00+05:30,LICI.NS,651.5181120169786,672.0758530349901,645.9738795123907,652.2050170898438,8854572,100.0314443389331,36.314310528387736
2022-11-15 00:00:00+05:30,LICI.NS,652.5484130346928,659.7117144624738,637.8292758985718,642.4412841796875,2112529,98.53393929136313,35.77067283851267
2022-11-16 00:00:00+05:30,LICI.NS,639.7918485184694,642.7356760423273,628.0165384230373,630.616943359375,1364241,96.72039008579372,35.1123019687848
2022-11-17 00:00:00+05:30,LICI.NS,627.0352090912762,637.0932856064336,625.6123472643267,631.7943725585938,1211174,96.9009773862874,35.17786038744954
2022-11-18 00:00:00+05:30,LICI.NS,630.9602982926112,633.9041255008193,624.7782731338377,626.8389282226562,750739,96.14093991145035,34.90194477854433
2022-11-21 00:00:00+05:30,LICI.NS,627.9183895482254,628.3108639210636,613.5917273624303,615.3089599609375,880089,94.37253987130944,34.25996436308115
2022-11-22 00:00:00+05:30,LICI.NS,613.2973278246292,621.9325422219365,612.3160521001098,614.0823364257812,996001,94.18440742726708,34.19166683885196
2022-11-23 00:00:00+05:30,LICI.NS,615.2599917801012,617.2225435880123,608.440112269145,609.568603515625,914416,93.49211710362347,33.940345407328785
2022-11-24 00:00:00+05:30,LICI.NS,611.3348066507934,619.1850128357154,611.3348066507934,612.5614013671875,1199253,93.95113517901649,34.10698225875208
2022-11-25 00:00:00+05:30,LICI.NS,615.6033763502733,618.9397381744932,614.9655829875095,615.9959106445312,803958,94.47790040560295,34.29821328755742
2022-11-28 00:00:00+05:30,LICI.NS,616.2411619434843,621.3928595552729,615.9958430095895,618.0074462890625,823562,94.78641814249426,34.41021415863377
2022-11-29 00:00:00+05:30,LICI.NS,617.2225250018427,631.3529215502303,617.2225250018427,624.87646484375,1571328,95.83994859566718,34.79267621624443
2022-11-30 00:00:00+05:30,LICI.NS,624.0914324499654,627.8202686528055,621.1476049384089,624.3858032226562,647345,95.76469374580618,34.76535652687395
2022-12-01 00:00:00+05:30,LICI.NS,626.0539811817808,645.7776014595752,626.0539811817808,638.7124633789062,3163335,97.96203426056844,35.563054753836646
2022-12-02 00:00:00+05:30,LICI.NS,635.8667616362764,641.7544168366123,635.8667616362764,639.055908203125,905130,98.01470984710507,35.582177516877785
2022-12-05 00:00:00+05:30,LICI.NS,638.9086777697446,642.7356775164671,636.8480224552476,639.8899536132812,800923,98.14263092228241,35.62861657089539
2022-12-06 00:00:00+05:30,LICI.NS,638.8105924699457,646.4645322906596,636.8480407265665,639.4974975585938,1233657,98.08243827585794,35.60676489747181
2022-12-07 00:00:00+05:30,LICI.NS,637.583973697828,645.5813957088358,637.583973697828,641.901611328125,871091,98.45116738161427,35.74062423875974
2022-12-08 00:00:00+05:30,LICI.NS,642.7356449195913,657.7491525858137,640.6749897096021,649.947998046875,2234602,99.68527577406059,36.188641316641146
2022-12-09 00:00:00+05:30,LICI.NS,652.5484865442844,663.4406252950845,651.567210624669,659.2702026367188,2723169,101.11506175409798,36.70769502431619
2022-12-12 00:00:00+05:30,LICI.NS,659.4172865531377,690.5237389835869,657.5528387205397,684.1454467773438,5932237,104.93028324805887,38.09273088960711
2022-12-13 00:00:00+05:30,LICI.NS,686.8930674750759,710.9343248367036,686.8930674750759,704.8504028320312,7100398,108.10589000491278,39.24556808641599
2022-12-14 00:00:00+05:30,LICI.NS,710.4436663531624,718.2938726112084,698.5702533447961,710.738037109375,5008176,109.00890139714342,39.5733873668917
2022-12-15 00:00:00+05:30,LICI.NS,714.4669114969395,717.1654200431532,692.7807395006614,695.479248046875,2263539,106.66859632620783,38.72378886675251
2022-12-16 00:00:00+05:30,LICI.NS,688.1687377195948,698.2758669387487,674.1855569364815,675.657470703125,2820832,103.62844642685967,37.62012643113168
2022-12-19 00:00:00+05:30,LICI.NS,676.8840687793747,727.8613611222493,676.8350169653811,720.84521484375,6490103,110.55908203125001,40.1361478198079
2022-12-20 00:00:00+05:30,LICI.NS,724.181531972086,740.1272635365119,716.3803774744102,726.0950317382812,8871743,111.36426867151553,40.4284538829778
2022-12-21 00:00:00+05:30,LICI.NS,728.1067271848219,733.7000118653813,684.9305870283096,688.5122680664062,4546599,105.6000411144795,38.335872386770944
2022-12-22 00:00:00+05:30,LICI.NS,691.9957310999669,700.2875238875307,667.2675680695141,668.8375854492188,4221417,102.58245175601515,37.240400080691465
2022-12-23 00:00:00+05:30,LICI.NS,666.2863022748162,674.185560890331,642.8337854984928,646.4154663085938,3498066,99.14347642769843,35.99195246707092
2022-12-26 00:00:00+05:30,LICI.NS,648.6233493893645,677.9635218285067,648.6233493893645,675.1177978515625,2728756,103.54567451711083,37.59007783137876
2022-12-27 00:00:00+05:30,LICI.NS,680.514825083952,685.6174716556928,668.7885662997862,679.6316528320312,1862730,104.23798356319499,37.84140605968994
2022-12-28 00:00:00+05:30,LICI.NS,677.080322551329,680.5147879555749,672.1739434024064,674.185546875,944339,103.40269123849694,37.53817076141425
2022-12-29 00:00:00+05:30,LICI.NS,673.7439794796785,673.7439794796785,668.5922812302725,670.8983154296875,978328,102.89851463645515,37.355140057332264
2022-12-30 00:00:00+05:30,LICI.NS,673.1551821131859,679.2881557111559,670.5057255403988,671.7813720703125,878093,103.03395277152033,37.40430802173232
2023-01-02 00:00:00+05:30,LICI.NS,672.1739518297986,701.219692798653,671.8795810556373,696.2152099609375,2988258,12.233618168352443,9.460731212949279
2023-01-03 00:00:00+05:30,LICI.NS,704.5560597044489,723.9853095395607,702.3481890438152,720.84521484375,4845441,12.666406867751714,9.795423492916836
2023-01-04 00:00:00+05:30,LICI.NS,723.102173346277,732.0317593220973,714.3687946199556,717.3126220703125,3772736,12.604333545428089,9.747419786252378
2023-01-05 00:00:00+05:30,LICI.NS,720.1093147995125,724.4760046514759,709.06996062494,714.172607421875,1602415,12.549158450568882,9.70475074632253
2023-01-06 00:00:00+05:30,LICI.NS,714.1725514023564,715.7426286972035,691.995741157024,694.056396484375,1625158,12.195684352211826,9.431395522277143
2023-01-09 00:00:00+05:30,LICI.NS,702.5934552401119,704.5560067910619,694.7923008466215,698.2758178710938,1268499,12.269826355141342,9.48873240754306
2023-01-10 00:00:00+05:30,LICI.NS,698.3741060289469,705.0467705146416,695.2340110085228,701.6123046875,1546064,12.328453781189598,9.534071269024324
2023-01-11 00:00:00+05:30,LICI.NS,701.170637416501,709.9530681369502,697.2455340681281,701.7103271484375,1322852,12.330176193084476,9.535403276918569
2023-01-12 00:00:00+05:30,LICI.NS,702.6915584439046,704.1144202959633,689.9349733702963,692.1919555664062,1156008,12.16292313418391,9.406060002261261
2023-01-13 00:00:00+05:30,LICI.NS,693.2223523402321,702.7897921003386,692.0448093143691,699.4534301757812,1241951,12.290518892563368,9.504734748957484
2023-01-16 00:00:00+05:30,LICI.NS,700.6308880055678,705.1447325147826,694.4488627369237,695.9207763671875,746717,12.228444497754131,9.456730212898321
2023-01-17 00:00:00+05:30,LICI.NS,694.7433729028301,698.1778387293272,685.6175185423184,692.4864501953125,981024,12.168097877267837,9.410061831706923
2023-01-18 00:00:00+05:30,LICI.NS,693.7620411414629,695.8226965146556,689.9350412857323,693.3695068359375,601657,12.183614599120322,9.422061514280982
2023-01-19 00:00:00+05:30,LICI.NS,691.7994967209262,697.6871520121681,687.1874880976546,688.463134765625,651600,12.09740177061369,9.355389791624201
2023-01-20 00:00:00+05:30,LICI.NS,688.8556284148517,692.0938266554313,682.0848012726483,685.47021484375,528700,12.044811366082412,9.314719592930425
2023-01-23 00:00:00+05:30,LICI.NS,686.8930729236422,691.6522366862554,685.1267884288745,687.7762451171875,530547,12.085332017522186,9.34605578362804
2023-01-24 00:00:00+05:30,LICI.NS,688.855631725625,701.1215795839873,686.8930800682871,688.9537353515625,1092923,12.106022409972985,9.362056466253057
2023-01-25 00:00:00+05:30,LICI.NS,689.8369044003921,691.7504042360129,673.1552153892873,676.4915771484375,864582,11.887042297459805,9.192710655638503
2023-01-27 00:00:00+05:30,LICI.NS,678.0615361209063,679.5334497304308,647.6419881907354,653.4805908203125,1736675,11.482702351437577,8.880018899582993
2023-01-30 00:00:00+05:30,LICI.NS,636.8479515244193,671.1926022229627,627.2314613072907,644.20751953125,3024474,11.319759612216659,8.754008962240114
2023-01-31 00:00:00+05:30,LICI.NS,647.6420034367661,650.4877271057645,638.6142544406988,641.0674438476562,1811224,11.264583444871837,8.711339092915562
2023-02-01 00:00:00+05:30,LICI.NS,647.6420195604184,652.9409327682956,571.4459307264195,587.2445068359375,6326960,10.318828094112416,7.979949814321748
2023-02-02 00:00:00+05:30,LICI.NS,572.2310226861022,594.653151384513,572.2310226861022,587.88232421875,3377223,10.330035568770867,7.988616988976084
2023-02-03 00:00:00+05:30,LICI.NS,590.8261311439978,593.1812170046669,575.0276148299997,587.833251953125,2276729,10.329173290337815,7.987950155634257
2023-02-06 00:00:00+05:30,LICI.NS,590.7280748073867,596.0269884718917,585.8216954485214,588.6674194335938,1567204,10.34383095121409,7.999285493050601
2023-02-07 00:00:00+05:30,LICI.NS,590.7280342003352,606.6247142087755,589.9920773470956,591.7583618164062,2084510,10.398143767640244,8.041287699638623
2023-02-08 00:00:00+05:30,LICI.NS,593.6717889856872,601.1294602292427,593.1811511435502,598.823486328125,1374494,10.522289339801882,8.137294283572835
2023-02-09 00:00:00+05:30,LICI.NS,601.8655187796229,606.428475440107,598.1857343412728,601.6693115234375,1434333,10.572295054005227,8.17596564103054
2023-02-10 00:00:00+05:30,LICI.NS,618.2037699164052,628.0165281690466,605.4962360007701,608.4400634765625,3943115,10.691268028054164,8.2679720543085
2023-02-13 00:00:00+05:30,LICI.NS,609.3723209847554,611.9727260215727,594.0153295183056,595.340087890625,1315642,10.461080440882535,8.089959069039612
2023-02-14 00:00:00+05:30,LICI.NS,593.720920457693,598.2838769587557,585.0366534435287,586.8519897460938,1528074,10.31193093913361,7.974615976981841
2023-02-15 00:00:00+05:30,LICI.NS,583.957153432158,592.6414794362647,583.957153432158,589.7467041015625,933878,10.36279571431317,8.01395167959726
2023-02-16 00:00:00+05:30,LICI.NS,592.7396563175274,594.8984751335904,590.7280528336848,591.5130615234375,703040,10.393833447960596,8.037954362324195
2023-02-17 00:00:00+05:30,LICI.NS,591.7093283469475,594.4078368924767,589.0598716146903,591.3659057617188,642400,10.391247685147054,8.03595469169342
2023-02-20 00:00:00+05:30,LICI.NS,593.671810242566,593.671810242566,585.2328630125737,587.2935180664062,885378,10.319689300059855,7.980615818268871
2023-02-21 00:00:00+05:30,LICI.NS,588.7654841631586,590.0411307337143,584.7422773116392,585.9688720703125,648784,10.296413144795512,7.962615465013079
2023-02-22 00:00:00+05:30,LICI.NS,585.8216484049387,587.4898292314573,582.3381313183486,584.7913208007812,761922,10.275721679859098,7.946613952993358
2023-02-23 00:00:00+05:30,LICI.NS,584.8404204969867,587.7351963017373,579.0508688874853,579.8359375,916630,10.188647645405027,7.879276226389455
2023-02-24 00:00:00+05:30,LICI.NS,579.9339976692629,583.6628337299579,573.0650670708114,573.65380859375,1119544,10.080017722610263,7.795268495634597
2023-02-27 00:00:00+05:30,LICI.NS,573.6537966557219,574.4388651930645,555.4020911165924,557.1193237304688,1912489,9.789480297495498,7.570584640990199
2023-02-28 00:00:00+05:30,LICI.NS,557.3646540191079,571.8384720592168,556.9721197424475,567.5699462890625,2207400,9.97311450165283,7.712596090352799
2023-03-01 00:00:00+05:30,LICI.NS,570.4156636792804,593.2303281538075,569.3853359717995,590.4337158203125,1822832,10.374867612375901,8.02328734638283
2023-03-02 00:00:00+05:30,LICI.NS,590.6299171723084,595.9287704599814,585.8216418833393,589.8448486328125,1383893,10.364520271179275,8.015285346280914
2023-03-03 00:00:00+05:30,LICI.NS,597.5969071554583,607.4096642516071,596.3212607114223,603.9261474609375,2101679,10.611951282040723,8.206633339596921
2023-03-06 00:00:00+05:30,LICI.NS,608.3910169505394,613.2973961194954,598.4801549861779,600.1973876953125,1404596,10.546430990956116,8.155963958354565
2023-03-08 00:00:00+05:30,LICI.NS,598.9708570789529,598.9708570789529,590.7281152350205,591.6603393554688,900075,10.396421355745366,8.039955691744376
2023-03-09 00:00:00+05:30,LICI.NS,593.6718309211419,594.9965292315591,581.4058840012837,587.3425903320312,1465695,10.320551578492907,7.981282651610697
2023-03-10 00:00:00+05:30,LICI.NS,583.8591545354809,585.7726544993989,579.0018269016363,584.3497924804688,649101,10.267963318932855,7.940614111706329
2023-03-13 00:00:00+05:30,LICI.NS,584.3497423123067,587.2935697294971,569.1399673234893,571.2006225585938,1137818,10.036911308356945,7.7619326343062065
2023-03-14 00:00:00+05:30,LICI.NS,574.0953740644154,576.4504598562341,564.2335646092737,567.6680297851562,879186,9.974837986033322,7.7139289276417475
2023-03-15 00:00:00+05:30,LICI.NS,570.1212122557365,575.7635478331384,565.2148334927783,566.6376953125,817032,9.956733356396064,7.699927915647506
2023-03-16 00:00:00+05:30,LICI.NS,566.1961159912106,568.0605639002758,560.0631424644428,561.7313232421875,972000,9.87052052788943,7.633256192990725
2023-03-17 00:00:00+05:30,LICI.NS,564.5770172369054,571.2006290002814,564.2335946579558,569.0418701171875,696661,9.998978564701943,7.732597773028774
2023-03-20 00:00:00+05:30,LICI.NS,568.1586435183937,568.2076953260718,559.5234291359558,564.1354370117188,725166,9.912764663709696,7.6659252209772895
2023-03-21 00:00:00+05:30,LICI.NS,566.9811043162446,567.9133282373872,560.8481310091454,561.8294067382812,779267,9.872244012269922,7.634589030279674
2023-03-22 00:00:00+05:30,LICI.NS,562.2710758044385,566.9321362059587,561.2897999304342,562.0257568359375,931326,9.875694198487745,7.637257193041683
2023-03-23 00:00:00+05:30,LICI.NS,562.3691321279322,564.2335800886318,557.3646495484224,558.149658203125,748086,9.807584927132755,7.58458565298444
2023-03-24 00:00:00+05:30,LICI.NS,559.3272236415318,562.271051134382,548.5331895010812,549.5144653320312,1305399,9.6558507350559,7.467243719690599
2023-03-27 00:00:00+05:30,LICI.NS,549.6125213090394,552.1148223748817,529.0057306456127,533.912109375,1741356,9.381692310226674,7.255226380962087
2023-03-28 00:00:00+05:30,LICI.NS,535.776589719692,539.0638397106769,524.9825558608703,526.7488403320312,1821333,9.255822181198933,7.157886130344221
2023-03-29 00:00:00+05:30,LICI.NS,527.4357113921203,532.5383572296333,520.1251951348263,521.8914794921875,2245923,9.170470558639739,7.091880411634563
2023-03-31 00:00:00+05:30,LICI.NS,524.5409937109919,536.708838209591,521.1555800495626,524.3447265625,2030925,9.213578045378668,7.125217102357657
2023-04-03 00:00:00+05:30,LICI.NS,529.888906037689,538.2788017381554,527.5338202761495,534.3536987304688,1228058,9.389451743638531,7.26122705164382
2023-04-05 00:00:00+05:30,LICI.NS,539.1129592035076,545.0987177456758,536.4144506998161,539.6526489257812,1156963,9.482562799609582,7.333233441035212
2023-04-06 00:00:00+05:30,LICI.NS,540.683041228193,545.9819552443487,537.8864287649792,540.241455078125,1088256,9.492909068320595,7.341234611742424
2023-04-10 00:00:00+05:30,LICI.NS,544.068426306627,545.5893919496039,538.229822813593,539.0148315429688,818437,9.47135532495113,7.324566266380876
2023-04-11 00:00:00+05:30,LICI.NS,539.7998484956688,544.8534433363136,539.0148397543342,540.1923828125,659636,9.492046789887542,7.340567778400597
2023-04-12 00:00:00+05:30,LICI.NS,542.3511935082245,543.5287365484515,538.7204607559937,539.0148315429688,682171,9.47135532495113,7.324566266380876
2023-04-13 00:00:00+05:30,LICI.NS,539.6035835267191,543.0871006198547,537.9354026970661,540.6339111328125,562523,9.499805150813785,7.346567619687627
2023-04-17 00:00:00+05:30,LICI.NS,540.6339699415365,541.0264443667627,533.8140904472467,534.40283203125,947673,9.390315094557197,7.26189471438035
2023-04-18 00:00:00+05:30,LICI.NS,535.8747518032815,541.958674438611,535.8747518032815,538.1807861328125,612736,9.456699809046082,7.313232587753941
2023-04-19 00:00:00+05:30,LICI.NS,538.7204013555724,539.7016771321764,534.7952982491565,536.2672119140625,482728,9.4230752400995,7.287229405001528
2023-04-20 00:00:00+05:30,LICI.NS,537.4938434009819,545.7856362589324,536.2181967826028,541.566162109375,731513,9.51618629607055,7.35923579439292
2023-04-21 00:00:00+05:30,LICI.NS,540.2904901773852,540.2904901773852,534.8934726914813,537.7391967773438,655602,9.448940375634226,7.307231917072207
2023-04-24 00:00:00+05:30,LICI.NS,538.6223381491029,543.4305538798433,537.2485280018486,539.1129760742188,446849,9.473079881817235,7.325899933064529
2023-04-25 00:00:00+05:30,LICI.NS,540.6829649350069,545.5893439271576,536.9541288794368,538.0335083007812,987652,9.454111901261312,7.311231258333757
2023-04-26 00:00:00+05:30,LICI.NS,538.0334640803782,540.0450673233642,536.8068694331531,537.4937744140625,498401,9.444627910983352,7.303896920968372
2023-04-27 00:00:00+05:30,LICI.NS,537.7391612268726,542.6945922487648,532.8327820185982,535.4822387695312,1151408,9.409282002627505,7.276562559716418
2023-04-28 00:00:00+05:30,LICI.NS,538.2298274877292,542.4493018505531,536.3163275172835,539.6036376953125,1231240,9.481701593662143,7.332567437088089
2023-05-02 00:00:00+05:30,LICI.NS,541.6642321770515,544.2155252557397,538.9166719633132,539.750732421875,1224198,9.484286283990073,7.334566278324161
2023-05-03 00:00:00+05:30,LICI.NS,540.6338928182616,542.547392531797,539.7016688663014,541.0263671875,856689,9.506701233306977,7.35190062763283
2023-05-04 00:00:00+05:30,LICI.NS,541.6642488665492,555.9908517818151,538.8185250514445,542.1058349609375,4283342,9.525669213862898,7.366569302363602
2023-05-05 00:00:00+05:30,LICI.NS,542.154916776729,554.7642877167779,541.3208562463105,549.5635375976562,2503952,9.656713013488952,7.467910553032426
2023-05-08 00:00:00+05:30,LICI.NS,552.4582501426088,556.3833531631602,551.4769743874709,552.1638793945312,1104965,9.702405190555812,7.503246084991591
2023-05-09 00:00:00+05:30,LICI.NS,553.8811568615972,555.8437085309502,545.5403122668473,546.9140625,1015395,9.610157485503427,7.43190735833673
2023-05-10 00:00:00+05:30,LICI.NS,548.2878758824138,549.8088414567324,544.7061951076392,547.3556518554688,589178,9.617916918915283,7.437908029018463
2023-05-11 00:00:00+05:30,LICI.NS,549.4654608414494,553.1452455244321,548.5332367432947,550.4957885742188,680822,9.673094158745718,7.4805787277377185
2023-05-12 00:00:00+05:30,LICI.NS,550.4956938777859,553.881107182236,547.0612287644664,551.5750732421875,892781,9.692058921844799,7.495244914284379
2023-05-15 00:00:00+05:30,LICI.NS,553.439559553386,562.2710418866847,550.6919992503797,557.021240234375,2164688,9.787756813115006,7.56925180370125
2023-05-16 00:00:00+05:30,LICI.NS,558.3459983523196,563.7920677286085,555.7947049178347,556.8740844726562,902155,9.785171050301463,7.5672521330704745
2023-05-17 00:00:00+05:30,LICI.NS,557.3647186814693,560.2594946037913,555.3040632207404,559.3272705078125,862004,9.82827746455478,7.600587994398865
2023-05-18 00:00:00+05:30,LICI.NS,561.2897284975029,566.0488919238147,556.3833497518954,557.5118408203125,964354,9.796377452474301,7.575918478330106
2023-05-19 00:00:00+05:30,LICI.NS,559.3272164943999,559.3762683068559,551.575113572022,554.4208374023438,515091,9.742063563562533,7.53391544234738
2023-05-22 00:00:00+05:30,LICI.NS,558.3459233800054,568.453052018086,556.0890010460372,566.686767578125,1506327,9.957595634829117,7.7005947489893325
2023-05-23 00:00:00+05:30,LICI.NS,570.1212774658192,583.3685016410146,570.0231738362666,579.0999755859375,2726826,10.17571561388047,7.869275385051467
2023-05-24 00:00:00+05:30,LICI.NS,583.0250430721646,592.8868529267528,580.9643279477755,582.7797241210938,2488874,10.240374699017638,7.919278762346701
2023-05-25 00:00:00+05:30,LICI.NS,595.6343962645998,603.9752403638569,589.7467416063006,592.2980346679688,5187933,10.407626685432591,8.048621207609305
2023-05-26 00:00:00+05:30,LICI.NS,597.2043980669974,598.7744752038976,591.8073814368108,592.9849243164062,1195590,10.419696438524095,8.057955215605466
2023-05-29 00:00:00+05:30,LICI.NS,598.5782147055795,598.6763183248329,592.0036551229723,593.8681030273438,1131333,10.435215305347809,8.069956556968933
2023-05-30 00:00:00+05:30,LICI.NS,594.1625265892451,595.094750624291,588.2748714950494,589.648681640625,720683,10.361073302418292,8.012619671703016
2023-05-31 00:00:00+05:30,LICI.NS,588.2258218441415,588.2258218441415,581.8965806161417,584.00634765625,720695,10.261928442387102,7.935947107708248
2023-06-01 00:00:00+05:30,LICI.NS,583.8591051284657,589.2561220666279,582.8287775096445,585.9688720703125,694568,10.296413144795512,7.962615465013079
2023-06-02 00:00:00+05:30,LICI.NS,587.8823090310993,590.1392912895947,584.9384816250501,585.6744384765625,507824,10.291239474197198,7.958614464962121
2023-06-05 00:00:00+05:30,LICI.NS,587.2935862237733,590.7280516402867,584.7913448273499,585.4291381835938,641136,10.28692915451755,7.955281127647693
2023-06-06 00:00:00+05:30,LICI.NS,586.8519879529188,588.5201688133888,584.8403845148473,586.5576171875,480880,10.306758341020911,7.970615806325587
2023-06-07 00:00:00+05:30,LICI.NS,587.7842356644261,593.6718907795956,586.3123218856337,590.0902099609375,809884,10.368831663344535,8.018619512990046
2023-06-08 00:00:00+05:30,LICI.NS,591.0714191977385,598.9707368341714,591.0223673891054,592.101806640625,1424334,10.404178644185997,8.045954703636703
2023-06-09 00:00:00+05:30,LICI.NS,593.6718955088692,595.6344472295597,589.1089388013336,590.6790161132812,660925,10.37917793205555,8.026620683697258
2023-06-12 00:00:00+05:30,LICI.NS,587.587960256851,590.237416999904,583.9081758615898,585.8707275390625,803879,10.294688587929407,7.961281798329426
2023-06-13 00:00:00+05:30,LICI.NS,586.5086141745896,589.501493674622,586.5086141745896,587.6861572265625,400863,10.326588600009885,7.985951314398186
2023-06-14 00:00:00+05:30,LICI.NS,588.6673927497769,590.6299444043622,584.1044361959368,584.8403930664062,644399,10.27658395829215,7.947280786335185
2023-06-15 00:00:00+05:30,LICI.NS,584.8403758799388,593.6228062545869,583.9081518929411,585.23291015625,847451,10.283481113270955,7.952614623675092
2023-06-16 00:00:00+05:30,LICI.NS,585.2329434992769,595.3400728207552,585.2329434992769,593.1322021484375,1405526,10.422284346308865,8.05995654502565
2023-06-19 00:00:00+05:30,LICI.NS,593.6718826735078,609.3232442860923,592.2490207283047,606.7228393554688,2500627,10.661093645325405,8.244637034318096
2023-06-20 00:00:00+05:30,LICI.NS,608.3909995435556,620.6569471149983,607.4587755496616,618.5471801757812,3041047,10.868866283180132,8.405315670278314
2023-06-21 00:00:00+05:30,LICI.NS,624.6801315898824,627.7711742241156,621.1966145828121,624.1404418945312,1580109,10.967148864778268,8.481321400931257
2023-06-22 00:00:00+05:30,LICI.NS,625.9559373243872,641.7544557803978,624.72934241655,629.7338256835938,3120722,11.065433591347633,8.557328790373607
2023-06-23 00:00:00+05:30,LICI.NS,630.9604318939181,634.7874320318554,611.089594031007,613.2484130859375,1538801,10.77575844466592,8.333311769071035
2023-06-26 00:00:00+05:30,LICI.NS,613.2483319905625,614.0823924756053,602.2089790821121,604.3677978515625,946727,10.619711787938192,8.212634839673358
2023-06-27 00:00:00+05:30,LICI.NS,604.7602776159415,608.881648050185,600.2954846006458,605.2509155273438,975533,10.635229582276292,8.224635351642121
2023-06-28 00:00:00+05:30,LICI.NS,606.4284396263861,611.0894996396956,603.484612249559,608.3909912109375,1156188,10.690405749621114,8.267305220966673
2023-06-30 00:00:00+05:30,LICI.NS,610.4516478223072,621.6382158369167,608.5872597480867,620.41162109375,1371193,10.901627501208049,8.430651190294197
2023-07-03 00:00:00+05:30,LICI.NS,623.110148544272,625.9067606871082,616.2412177729177,617.2715454101562,888170,10.846451333863227,8.387981320969645
2023-07-04 00:00:00+05:30,LICI.NS,618.9397056250832,620.902257208516,612.6104647900486,614.1805419921875,625593,10.792137444951459,8.34597828498692
2023-07-05 00:00:00+05:30,LICI.NS,614.2786915386916,617.7131570664639,613.2974156736138,615.0146484375,569014,10.80679403334212,8.35731279300856
2023-07-06 00:00:00+05:30,LICI.NS,613.3955071597229,619.5284811950437,612.3161276864362,616.1431274414062,624168,10.82662321984548,8.372647471686456
2023-07-07 00:00:00+05:30,LICI.NS,614.7693215588218,618.8906921175695,609.6176233334686,610.9423217773438,711064,10.735236720740534,8.301974748978717
2023-07-10 00:00:00+05:30,LICI.NS,611.3348289767358,612.0217340214663,605.4471741230273,606.9681396484375,791576,10.665403965005053,8.247970371632524
2023-07-11 00:00:00+05:30,LICI.NS,611.3348305498927,618.1056576060098,608.9797446454199,610.1572875976562,608461,10.721442410782926,8.291307074298903
2023-07-12 00:00:00+05:30,LICI.NS,611.4329254945125,612.3160976692333,606.4284428839521,608.8325805664062,523272,10.69816518303297,8.273305891648405
2023-07-13 00:00:00+05:30,LICI.NS,609.3723199970974,612.7086819379091,602.7487078232159,604.1715698242188,802085,10.616263746691597,8.209968335700758
2023-07-14 00:00:00+05:30,LICI.NS,605.2999602589675,608.3910030215707,604.2696326355407,607.1153564453125,534996,10.667990800304208,8.249970871658004
2023-07-17 00:00:00+05:30,LICI.NS,605.9378689363211,613.297438194657,605.9378689363211,609.2742309570312,711158,10.705925688930439,8.279307391724844
2023-07-18 00:00:00+05:30,LICI.NS,612.3161402732806,614.2296401900998,606.4284850783451,609.0779418945312,701393,10.702476575198231,8.276640058357538
2023-07-19 00:00:00+05:30,LICI.NS,610.2554614826456,611.7273752248688,607.9003755381592,608.7344360351562,501945,10.696440626166865,8.271972224964754
2023-07-20 00:00:00+05:30,LICI.NS,612.8265011199575,620.665564940868,610.4106806717899,619.4822998046875,1166529,10.885297835260719,8.418022826534685
2023-07-21 00:00:00+05:30,LICI.NS,620.9685189160501,636.9695667674398,617.7484986743634,629.885498046875,2019022,11.068098718096557,8.55938983621246
2023-07-24 00:00:00+05:30,LICI.NS,629.8854780017286,634.0962735683937,619.2346421566345,620.8694458007812,927514,10.909672215793028,8.436872479967132
2023-07-25 00:00:00+05:30,LICI.NS,620.9684934469861,624.9811217968521,615.3210614679999,617.3026123046875,671845,10.84699722904037,8.388403482873862
2023-07-26 00:00:00+05:30,LICI.NS,618.8382758739473,624.7829281319953,618.0456676673002,622.1574096679688,651954,10.932303807203809,8.454374367005961
2023-07-27 00:00:00+05:30,LICI.NS,622.1079201770061,629.4396221168703,622.1079201770061,624.4362182617188,705149,10.972346130060073,8.485340647665698
2023-07-28 00:00:00+05:30,LICI.NS,624.1884646817037,627.6066517017672,618.7392003074983,620.9684448242188,646004,10.91141178745772,8.438217758176638
2023-07-31 00:00:00+05:30,LICI.NS,621.2161989275858,635.483389407599,621.2161989275858,634.0467529296875,1469797,11.141218642236646,8.61593630832569
2023-08-01 00:00:00+05:30,LICI.NS,638.0593379592748,644.6975450293639,634.0962364812669,641.2793579101562,1987633,11.268307114921038,8.714218751327031
2023-08-02 00:00:00+05:30,LICI.NS,642.0225123355264,653.6641242490177,628.1516555875365,635.3347778320312,2568000,11.16385130613304,8.633439024759223
2023-08-03 00:00:00+05:30,LICI.NS,635.3842281175301,642.9636838323781,635.0870076030933,638.604248046875,1008085,11.221301142977948,8.677867210855755
2023-08-04 00:00:00+05:30,LICI.NS,640.1896060855215,658.8656998549616,640.1896060855215,652.4256591796875,2593055,11.464165510098182,8.865683641523134
2023-08-07 00:00:00+05:30,LICI.NS,653.0200482265614,658.7665939794897,647.0258690933845,649.5028076171875,1110788,11.412806319050915,8.825965587949279
2023-08-08 00:00:00+05:30,LICI.NS,649.8991102980114,653.0696035483963,634.6411455461058,637.7125854492188,1157301,11.205633200653994,8.665750583628466
2023-08-09 00:00:00+05:30,LICI.NS,639.3474104154744,641.0317408397744,635.087087910812,638.0098876953125,672748,11.21085727807613,8.6697905652305
2023-08-10 00:00:00+05:30,LICI.NS,639.5455129934876,643.0132268517017,633.7990278371589,635.7805786132812,634420,11.17168474105221,8.639496923675516
2023-08-11 00:00:00+05:30,LICI.NS,659.8564154486613,672.7364956300917,649.0569394153788,653.7631225585938,5254644,11.487666887341307,8.883858167666718
2023-08-14 00:00:00+05:30,LICI.NS,653.9118184372525,655.2493411497468,642.072039327181,649.7505493164062,1215416,11.417159538155092,8.829332101051858
2023-08-16 00:00:00+05:30,LICI.NS,648.4624961174402,648.4624961174402,642.3692032484927,643.2609252929688,701542,11.30312643284078,8.741145879779436
2023-08-17 00:00:00+05:30,LICI.NS,644.4499170511311,655.8933616439974,644.0040559948615,653.5650634765625,1191732,11.484186671526315,8.881166781853002
2023-08-18 00:00:00+05:30,LICI.NS,653.3173357496039,654.9025522318112,644.0040226182713,644.796630859375,752476,11.330111243355738,8.762014279920844
2023-08-21 00:00:00+05:30,LICI.NS,645.093853736721,649.800036996046,644.4994126717646,646.1342163085938,566994,11.35361476557009,8.780190464853835
2023-08-22 00:00:00+05:30,LICI.NS,647.7689499622827,660.8967241244904,646.1342068215888,657.7758178710938,1786271,11.558176381498749,8.938385893070985
2023-08-23 00:00:00+05:30,LICI.NS,659.5591729831474,661.7388908819223,651.9301905734997,652.57421875,813337,11.46677594008083,8.867702388232097
2023-08-24 00:00:00+05:30,LICI.NS,654.5557643520887,660.0050288202607,647.9670840335384,649.4532470703125,606670,11.411935460732956,8.825292119449824
2023-08-25 00:00:00+05:30,LICI.NS,647.9671068176935,651.7320412154803,639.0501282835052,642.3692016601562,698906,11.287457418031213,8.729028423157443
2023-08-28 00:00:00+05:30,LICI.NS,643.756328764298,651.385311588213,643.1618877015026,649.1560668945312,731456,11.406713528282047,8.821253796637196
2023-08-29 00:00:00+05:30,LICI.NS,649.1560211687117,654.4071184272985,644.4993649310487,645.886474609375,489634,11.349261546465911,8.776823951751256
2023-08-30 00:00:00+05:30,LICI.NS,647.9671723570783,649.8000828300899,644.2517642587006,645.0443725585938,574588,11.334464462459916,8.765380793023423
2023-08-31 00:00:00+05:30,LICI.NS,645.3415301268099,649.4037455345135,637.118106432766,639.3473510742188,710410,11.234358655319255,8.687965091374082
2023-09-01 00:00:00+05:30,LICI.NS,639.3473518673551,643.4095672800981,639.0996580179975,639.793212890625,793487,11.242193162724039,8.694023819685079
2023-09-04 00:00:00+05:30,LICI.NS,641.0316876823711,657.8748695843808,641.0316876823711,652.524658203125,2492988,11.465905081762871,8.86702891973264
2023-09-05 00:00:00+05:30,LICI.NS,653.9118041992188,662.8783100260083,653.0200820955477,653.9118041992188,1878186,11.490279462295181,8.885878573165087
2023-09-06 00:00:00+05:30,LICI.NS,655.7446804892129,684.6258078606079,655.0511860803737,671.7457275390625,5680338,11.803650106116017,9.128220241052622
2023-09-07 00:00:00+05:30,LICI.NS,673.9254356166775,680.4645290333042,668.3770571226894,669.8632202148438,1684464,11.770571432346578,9.102639220204425
2023-09-08 00:00:00+05:30,LICI.NS,677.6903881243688,678.4829963669299,666.9900256694632,667.9312744140625,1578942,11.736624045230409,9.076386389646181
2023-09-11 00:00:00+05:30,LICI.NS,671.3989614913057,678.5820830074907,669.714631248257,672.7860107421875,1592447,11.821929550908234,9.142356444383578
2023-09-12 00:00:00+05:30,LICI.NS,677.0959809071439,677.0959809071439,652.3761208172218,653.5650634765625,1594449,11.484186671526315,8.881166781853002
2023-09-13 00:00:00+05:30,LICI.NS,653.9613433285784,660.7977183278545,648.5120781898366,653.21826171875,890096,11.478092808271834,8.876454161146215
2023-09-14 00:00:00+05:30,LICI.NS,656.8345981494267,659.8564511842973,653.3173573884418,654.7044067382812,847932,11.504206760468833,8.896649092788167
2023-09-15 00:00:00+05:30,LICI.NS,656.4382399272774,665.1075248192703,652.5246649387512,661.3425903320312,1743786,11.620850295765793,8.98685406076955
2023-09-18 00:00:00+05:30,LICI.NS,661.3425710964837,665.6028931679225,655.5960859439291,657.57763671875,732801,11.55469402071253,8.935692848467863
2023-09-20 00:00:00+05:30,LICI.NS,653.9117776017322,659.70778962344,647.0754030106792,649.6019287109375,1074642,11.414548035686831,8.827312524948193
2023-09-21 00:00:00+05:30,LICI.NS,649.4038070908965,653.465962411517,647.9671705358011,648.5120849609375,652802,11.395397732576656,8.812502853117781
2023-09-22 00:00:00+05:30,LICI.NS,649.8991218882682,653.7135829082068,643.0132209104406,645.2919921875,695541,11.338815536592866,8.768745647336594
2023-09-25 00:00:00+05:30,LICI.NS,644.0040099241943,646.9763361238444,639.5455206247191,640.6849365234375,651991,11.257862177533607,8.706141276307072
2023-09-26 00:00:00+05:30,LICI.NS,641.8738227463914,643.8553735588796,638.0593616212043,639.0006103515625,414742,11.228265864550387,8.683253300061999
2023-09-27 00:00:00+05:30,LICI.NS,639.0501370274484,643.8553735588796,638.0593616212043,639.0006103515625,531459,11.228265864550387,8.683253300061999
2023-09-28 00:00:00+05:30,LICI.NS,640.0409471477585,645.9855999076448,637.1181474463874,644.30126953125,923774,11.32140695011861,8.755282912505095
2023-09-29 00:00:00+05:30,LICI.NS,644.3012620584925,646.8277273577147,640.8830746667759,643.75634765625,873339,11.311831798563523,8.74787807658989
2023-10-03 00:00:00+05:30,LICI.NS,642.1215441049821,643.5581806000047,638.5547766785638,639.3969116210938,470219,11.235229513637213,8.688638559873539
2023-10-04 00:00:00+05:30,LICI.NS,637.0685543185114,638.0593296751498,628.2011027821716,631.5697631835938,694550,11.097693958594162,8.582276983062831
2023-10-05 00:00:00+05:30,LICI.NS,633.2045269809555,636.0777997981796,630.628535158164,631.8670043945312,396155,11.102916963530685,8.586316135270161
2023-10-06 00:00:00+05:30,LICI.NS,632.1642547779796,640.0409315877666,632.1642547779796,638.4061279296875,626615,11.217819854677343,8.675174995647335
2023-10-09 00:00:00+05:30,LICI.NS,633.3036847046478,633.3532113831096,624.2875917556082,629.4396362304688,718556,11.060264210691773,8.553331107901464
2023-10-10 00:00:00+05:30,LICI.NS,629.4891158512476,635.0374942833014,628.8451481351143,629.6377563476562,481417,11.063745498992379,8.556023323109882
2023-10-11 00:00:00+05:30,LICI.NS,632.2137235987619,636.0777716339878,630.7275605809256,631.4706420898438,653919,11.095952241958246,8.580930046063918
2023-10-12 00:00:00+05:30,LICI.NS,632.1147585462389,638.2575786390779,630.3313747701595,631.4212036132812,1325826,11.095083528611514,8.580258236353869
2023-10-13 00:00:00+05:30,LICI.NS,630.1331157808931,633.1054417987275,628.1515651023369,628.7955932617188,615655,11.04894734250077,8.544579334987345
2023-10-16 00:00:00+05:30,LICI.NS,628.7956444579461,634.7898236541963,628.7956444579461,631.2725830078125,1139234,11.092472026143254,8.578238660250204
2023-10-17 00:00:00+05:30,LICI.NS,633.4521913346301,645.8368831216693,633.3531379891849,643.2113647460938,1103994,11.302255574522821,8.74047241127998
2023-10-18 00:00:00+05:30,LICI.NS,643.211406512902,644.9947901516138,628.6469959311811,630.7276000976562,875559,11.082895802102552,8.570832994940293
2023-10-19 00:00:00+05:30,LICI.NS,628.6469866356379,635.0870266878547,626.7644892007528,628.8451538085938,657460,11.049818200818727,8.545252803486802
2023-10-20 00:00:00+05:30,LICI.NS,628.5975077738071,631.9165814027888,627.953479530746,629.0928955078125,654219,11.054171419922906,8.54861931658938
2023-10-23 00:00:00+05:30,LICI.NS,629.0928416672116,630.826698587839,609.4755011739675,611.7542724609375,1105408,10.749503996853585,8.31300818672289
2023-10-25 00:00:00+05:30,LICI.NS,614.28072057145,617.8474876633361,602.9363306535677,605.4132690429688,1094888,10.638082394007535,8.226841541554133
2023-10-26 00:00:00+05:30,LICI.NS,604.2243650106482,606.8499440595139,591.8396722747398,599.4191284179688,1084441,10.532755726901577,8.14538834648687
2023-10-27 00:00:00+05:30,LICI.NS,602.3914777559991,607.0976611759678,600.5089801991576,601.053955078125,617526,10.561482254052452,8.16760368362719
2023-10-30 00:00:00+05:30,LICI.NS,601.0043506235687,603.5308763434639,597.0908360594535,598.6265258789062,465617,10.518828428727927,8.134617826863789
2023-10-31 00:00:00+05:30,LICI.NS,600.9053147356755,603.9271677854263,594.6634414503254,596.6945190429688,536471,10.484879969126142,8.10836416691084
2023-11-01 00:00:00+05:30,LICI.NS,598.2797322961316,602.2428341027721,593.4744955444336,594.4652709960938,549716,10.445708504587836,8.078071354750561
2023-11-02 00:00:00+05:30,LICI.NS,598.2301809226483,603.43175182914,596.7440178065078,600.6575927734375,741948,10.554517532480013,8.162217594420946
2023-11-03 00:00:00+05:30,LICI.NS,602.3914523275821,604.6702236876844,601.4006769125697,602.4409790039062,418848,10.585854489613535,8.18645167827023
2023-11-06 00:00:00+05:30,LICI.NS,604.2739686670291,608.2370704507849,603.8776342997998,605.7601318359375,580132,10.64417732974763,8.231554991655626
2023-11-07 00:00:00+05:30,LICI.NS,606.3545309261285,608.237028331908,604.5216206669195,605.1655883789062,453744,10.63373024738897,8.223475857846259
2023-11-08 00:00:00+05:30,LICI.NS,606.354555013043,609.8717956478588,605.3637795963549,607.6920776367188,744275,10.678124716863799,8.25780782221387
2023-11-09 00:00:00+05:30,LICI.NS,608.3361148938194,611.5066083688001,607.7416738238188,609.1287231445312,393625,10.703368883228453,8.27733011475107
2023-11-10 00:00:00+05:30,LICI.NS,608.5837679639892,613.8843919779985,602.49047528026,604.6206665039062,671906,10.624155095833883,8.216071021931054
2023-11-13 00:00:00+05:30,LICI.NS,599.419074920492,600.9052379161626,592.7313414399741,599.9639892578125,1079051,10.542329805971052,8.15279235300737
2023-11-15 00:00:00+05:30,LICI.NS,601.5988490065344,605.363783519924,600.5089597578343,601.2025146484375,840602,10.5640926840351,8.169622430336153
2023-11-16 00:00:00+05:30,LICI.NS,602.2428069248731,607.2462711076691,598.6760396487107,603.679443359375,1367472,10.60761629519197,8.203280926204307
2023-11-17 00:00:00+05:30,LICI.NS,603.6794180508332,613.0917840222429,603.1345036942827,608.9801025390625,1177051,10.700757380760193,8.275310538647403
2023-11-20 00:00:00+05:30,LICI.NS,608.9801322579798,610.1194877005273,604.3234757188695,606.3545532226562,502409,10.65462226713506,8.239632466675584
2023-11-21 00:00:00+05:30,LICI.NS,607.345313601198,610.0204192465592,604.3729874334923,605.2647094726562,718571,10.635471964024886,8.224822794845172
2023-11-22 00:00:00+05:30,LICI.NS,605.3637661223049,607.4939574096237,602.094219414434,603.134521484375,600947,10.598041143636884,8.1958760902891
2023-11-23 00:00:00+05:30,LICI.NS,603.6299494229327,622.2069893107948,602.3914800970753,612.0020141601562,736051,10.753857215957764,8.316374699825468
2023-11-24 00:00:00+05:30,LICI.NS,615.2220084695157,675.7088356998322,614.8256741130967,671.3989868164062,18997036,11.79755731534715,9.12350844974054
2023-11-28 00:00:00+05:30,LICI.NS,674.7180411977807,688.0935089748293,664.9093406390929,668.079833984375,8034353,11.739234475213056,9.078405136355142
2023-11-29 00:00:00+05:30,LICI.NS,670.7549701654717,685.6166017053271,665.8506196628928,674.6190185546875,3497491,11.854138438845327,9.16726482612702
2023-11-30 00:00:00+05:30,LICI.NS,675.708811015395,692.5519925216439,670.7549341017924,673.2318725585938,4305902,11.829764058313017,9.148415172694575
2023-12-01 00:00:00+05:30,LICI.NS,678.6811516821376,681.0590368403875,660.995834911098,664.7112426757812,1616633,11.680042921732232,9.032630013259698
2023-12-04 00:00:00+05:30,LICI.NS,673.727310880998,720.9873122828126,673.727310880998,712.3675537109375,13408726,12.517440761042655,9.68022222735341
2023-12-05 00:00:00+05:30,LICI.NS,713.3582602608172,720.1946344438351,696.1187447823293,707.463134765625,5078973,12.431262252075646,9.61357704532715
2023-12-06 00:00:00+05:30,LICI.NS,713.308781435044,743.8741791979347,707.413655544414,739.1184692382812,9601936,12.987497263016715,10.043735143882065
2023-12-07 00:00:00+05:30,LICI.NS,741.0009256472848,792.620298391157,730.1023965444064,778.2045288085938,15595341,13.674302034942784,10.574867900646742
2023-12-08 00:00:00+05:30,LICI.NS,782.7126213305324,795.9890368179045,762.8971119297595,765.3245239257812,6927164,13.447979685921302,10.399844053890218
2023-12-11 00:00:00+05:30,LICI.NS,767.8509462052236,776.4211777291413,760.9155183040151,763.8383178710938,2160731,13.42186466123869,10.379648292853563
2023-12-12 00:00:00+05:30,LICI.NS,762.89704650744,791.6295326746033,762.89704650744,784.4464111328125,5822501,13.783981921152918,10.659687608816585
2023-12-13 00:00:00+05:30,LICI.NS,788.1618856614879,803.2712115651179,788.1618856614879,797.623779296875,5973611,14.015529420082148,10.838752266569847
2023-12-14 00:00:00+05:30,LICI.NS,803.5188796842658,812.4358586203427,799.7539451167934,807.7296752929688,4007659,14.19310622549585,10.976079294645587
2023-12-15 00:00:00+05:30,LICI.NS,808.4727143766365,811.3459871827586,784.6941051302648,788.8058471679688,2964146,13.860584206079226,10.718927125532936
2023-12-18 00:00:00+05:30,LICI.NS,790.638772539,803.4197994418289,786.1307565443882,794.255126953125,2171792,13.95633679411571,10.792976314079699
2023-12-19 00:00:00+05:30,LICI.NS,795.8403657958687,799.2585531308752,784.6941421852823,786.7252197265625,1396214,13.824024244009182,10.690653889476321
2023-12-20 00:00:00+05:30,LICI.NS,790.6387796336206,802.0326968839798,748.1344902238626,754.227783203125,2897254,13.252992149062116,10.249052632193573
2023-12-21 00:00:00+05:30,LICI.NS,745.9052570127658,761.7576638656925,739.4156900517755,757.4478149414062,2869747,13.309573272560293,10.292809008580054
2023-12-22 00:00:00+05:30,LICI.NS,799.5557786890453,813.4266348249147,781.5731802954754,785.4867553710938,10836454,13.802262438430747,10.673824641542243
2023-12-26 00:00:00+05:30,LICI.NS,787.6664700125827,791.2332373860505,772.8048385029114,774.0928344726562,1907597,13.602052969120653,10.51899489703297
2023-12-27 00:00:00+05:30,LICI.NS,777.758688295532,818.3309529832093,776.8174395719583,813.8229370117188,10656808,14.300174609237724,11.058879426711764
2023-12-28 00:00:00+05:30,LICI.NS,814.4173930629993,829.0313304689352,799.159427446932,819.272216796875,7403621,14.395927197274206,11.132928615258527
2023-12-29 00:00:00+05:30,LICI.NS,819.916206101308,836.1154208843773,815.011855561991,824.820556640625,4195993,14.493420429460992,11.208323911409497
2024-01-01 00:00:00+05:30,LICI.NS,823.8297396686227,856.0299399563319,823.3343519718886,850.828369140625,6424762,13.152394019796336,6.476580415168036
2024-01-02 00:00:00+05:30,LICI.NS,845.9239933447486,848.995433255177,828.2882039671467,829.9725341796875,3672560,12.829997436693269,6.317823964220808
2024-01-03 00:00:00+05:30,LICI.NS,829.9725763277885,845.4286485959494,828.3872993822514,831.0128784179688,3684845,12.846079431410864,6.325743156108462
2024-01-04 00:00:00+05:30,LICI.NS,829.2790229932094,838.0969483823485,825.3159213301594,827.545166015625,2024609,12.792474354855852,6.299346624157913
2024-01-05 00:00:00+05:30,LICI.NS,828.8826822475226,853.0080997186163,828.8826822475226,836.6107788085938,4193233,12.932613677671878,6.368354866473272
2024-01-08 00:00:00+05:30,LICI.NS,837.2052294873047,841.069277812253,811.74228911143,816.2503051757812,2265484,12.617874558290017,6.213369149545415
2024-01-09 00:00:00+05:30,LICI.NS,821.4518622113387,830.1211469851919,820.8574211585557,824.77099609375,1408365,12.749590293611842,6.278229398597473
2024-01-10 00:00:00+05:30,LICI.NS,827.2974904258647,843.1003707505819,827.2974904258647,830.8642578125,2639631,12.843782003594065,6.324611842981654
2024-01-11 00:00:00+05:30,LICI.NS,833.2421296117403,842.1591084066341,823.3343753951917,826.3067016601562,1576154,12.773329752050646,6.289919324504501
2024-01-12 00:00:00+05:30,LICI.NS,822.3435792862,830.2697824600428,819.3712530960089,821.6500244140625,1800261,12.70134525296124,6.254472287539487
2024-01-15 00:00:00+05:30,LICI.NS,821.6500244140625,821.6500244140625,821.6500244140625,821.6500244140625,0,12.70134525296124,6.254472287539487
2024-01-16 00:00:00+05:30,LICI.NS,848.1037598354269,891.6978783316405,842.159107313216,884.3165893554688,12525303,13.670066306314249,6.731495694264053
2024-01-17 00:00:00+05:30,LICI.NS,873.8639673195422,909.9777454103382,865.937763534331,879.313232421875,9015612,13.592722714822616,6.693409701011456
2024-01-18 00:00:00+05:30,LICI.NS,881.7901437705706,898.633326292031,859.0518352721724,892.8868408203125,4546830,13.802548165409068,6.79673320256004
2024-01-19 00:00:00+05:30,LICI.NS,900.6148646554414,906.5595172274245,889.7163349401391,893.5803833007812,3328849,13.81326918072007,6.80201250895015
2024-01-23 00:00:00+05:30,LICI.NS,935.2424936824161,941.2861997098735,861.1820291464744,867.1762084960938,5296256,13.405104475128981,6.601021606882041
2024-01-24 00:00:00+05:30,LICI.NS,870.0989944718037,915.4764970584109,858.011522134831,898.8314819335938,3503761,13.894442447574491,6.841984333817415
2024-01-25 00:00:00+05:30,LICI.NS,906.5595056631978,915.3774310546763,890.8061523595418,895.1655883789062,2629355,13.837773819429684,6.814079229496127
2024-01-29 00:00:00+05:30,LICI.NS,901.6056126213987,923.3036180370739,895.2646258822418,907.1539306640625,3792964,14.023093687804337,6.905335545893754
2024-01-30 00:00:00+05:30,LICI.NS,913.9903448129671,946.1905466627464,909.0859942829585,924.29443359375,9707445,14.288057405993971,7.035810562485727
2024-01-31 00:00:00+05:30,LICI.NS,929.4959819842072,962.9346523200738,928.1088722110517,940.9889526367188,7726332,14.546126953728843,7.162890710487316
2024-02-01 00:00:00+05:30,LICI.NS,948.0730224050891,955.1075036894676,917.4580377763974,928.3565673828125,3463799,14.350851250313998,7.066731882338528
2024-02-02 00:00:00+05:30,LICI.NS,934.1525853069375,946.3391714125944,928.3565732593263,936.7286376953125,4534536,14.480269557819023,7.130460818263778
2024-02-05 00:00:00+05:30,LICI.NS,947.6766722325565,1018.5171134919686,946.1905091292122,989.635986328125,17219410,15.298129329542821,7.533196211677894
2024-02-06 00:00:00+05:30,LICI.NS,1004.695764437468,1023.4709700285455,981.1153224305588,1016.3869018554688,7368232,15.711654071038318,7.736826534638568
2024-02-07 00:00:00+05:30,LICI.NS,1021.5390141477592,1040.3141594089107,1004.7452987221727,1034.8153076171875,7354236,15.996526628801787,7.877105180917923
2024-02-08 00:00:00+05:30,LICI.NS,1063.993779280409,1134.4378895426305,1061.1205062883469,1095.0545654296875,22872046,16.927725543819562,8.335651712184573
2024-02-09 00:00:00+05:30,LICI.NS,1141.3733372952397,1164.1611730224886,1057.1574226510597,1070.879638671875,21551992,16.554021311978282,8.151630042413602
2024-02-12 00:00:00+05:30,LICI.NS,1101.7918218571372,1114.622314791926,1000.7821981856584,1013.018310546875,11741691,15.659581242029294,7.711184521175877
2024-02-13 00:00:00+05:30,LICI.NS,1020.2509901278676,1033.6760454647701,970.9103862394169,1002.1198120117188,8474155,15.491108548643048,7.628224191304854
2024-02-14 00:00:00+05:30,LICI.NS,990.7753386268099,1068.5512027090144,980.8675852405418,1060.625,9358003,16.39550162312568,8.0735708304788
2024-02-15 00:00:00+05:30,LICI.NS,1072.0190180488607,1076.873841857344,1039.3730159231386,1046.35791015625,5013229,16.17495610073041,7.964968487145086
2024-02-16 00:00:00+05:30,LICI.NS,1052.2035125869716,1057.7023646321527,1020.5977520030857,1030.2578125,5404201,15.926075320760551,7.842413127045749
2024-02-19 00:00:00+05:30,LICI.NS,1070.0375028046474,1081.9268083913655,1040.3142388378515,1042.493896484375,6832181,16.115224864497993,7.935555275058042
2024-02-20 00:00:00+05:30,LICI.NS,1045.268060964992,1046.6551707323767,1026.4929152618574,1032.53662109375,3173173,15.961301918283352,7.859759618586816
2024-02-21 00:00:00+05:30,LICI.NS,1038.354966901104,1049.0468403629689,1022.143054390171,1033.9290771484375,3929842,15.982826977097504,7.870359116605294
2024-02-22 00:00:00+05:30,LICI.NS,1035.818674577475,1064.2143489956209,1026.4695989201139,1058.6446533203125,5132257,16.364888751280144,8.058496257290953
2024-02-23 00:00:00+05:30,LICI.NS,1056.3073867411051,1076.149465568961,1042.3830868169225,1060.7332763671875,4331573,16.397175395999188,8.07439503971369
2024-02-26 00:00:00+05:30,LICI.NS,1060.733290589477,1069.8834963839502,1030.7960696331393,1035.5203857421875,2958776,16.00742596602547,7.882472297649292
2024-02-27 00:00:00+05:30,LICI.NS,1038.3549408671288,1062.22516939281,1031.4922258839433,1034.575439453125,3772686,15.992818665220668,7.875279283345702
2024-02-28 00:00:00+05:30,LICI.NS,1040.5430197921776,1047.2068649170462,998.3723182126696,1001.5053100585938,3573062,15.481609368659665,7.623546548364114
2024-02-29 00:00:00+05:30,LICI.NS,1006.5280012507792,1021.4468945499508,991.7085429582157,1017.2695922851562,3013025,15.725298999615957,7.743545651862345
2024-03-01 00:00:00+05:30,LICI.NS,1021.6458418142078,1035.32149503919,1019.557220876447,1024.13232421875,2087742,15.831385441625445,7.795785371232016
2024-03-04 00:00:00+05:30,LICI.NS,1031.3928920444746,1043.328007477969,1015.6783355314009,1031.29345703125,2450117,15.942084665810018,7.850296544349927
2024-03-05 00:00:00+05:30,LICI.NS,1031.7906988588206,1040.1949603006653,1018.3636947073012,1021.695556640625,2024712,15.79371706045177,7.777236482002169
2024-03-06 00:00:00+05:30,LICI.NS,1024.4307119872192,1029.3538983981957,992.852386641982,1004.8372192382812,2542290,15.533115152856412,7.6489093342337
2024-03-07 00:00:00+05:30,LICI.NS,1006.5280124433573,1028.409056192126,1001.5550479550008,1019.2588500976562,1822489,15.75604962278028,7.758688057377302
2024-03-11 00:00:00+05:30,LICI.NS,1029.4036607823043,1039.3495898719884,1000.6101839266422,1006.4285888671875,2777683,15.55771508528656,7.661022979882678
2024-03-12 00:00:00+05:30,LICI.NS,1011.4015326441014,1013.3907184211927,975.2480447223884,980.917236328125,2878325,15.16335192963557,7.46682831946506
2024-03-13 00:00:00+05:30,LICI.NS,985.0945290505322,989.5701970055958,895.1335910127267,904.8308715820312,6431249,13.987183051198505,6.887652215742036
2024-03-14 00:00:00+05:30,LICI.NS,905.079564754703,957.146480269252,896.1779459053743,953.3173217773438,4958488,14.73670307276772,7.256735341229685
2024-03-15 00:00:00+05:30,LICI.NS,951.8254035682821,964.4567455163277,913.9811559331613,920.1476440429688,3560100,14.223954924145444,7.004244835525377
2024-03-18 00:00:00+05:30,LICI.NS,911.5443762489296,928.9497516819423,897.122779461576,899.5098266601562,3765432,13.904928530841804,6.847147953567452
2024-03-19 00:00:00+05:30,LICI.NS,900.1065913736654,913.7822440050332,870.9153134934903,874.794189453125,4240551,13.52286581315698,6.659010348276813
2024-03-20 00:00:00+05:30,LICI.NS,881.1098500266511,889.9616901687906,860.3228347094229,862.2125854492188,4003650,13.3283751035588,6.5632380714715595
2024-03-21 00:00:00+05:30,LICI.NS,877.2309613524546,904.6319843421081,872.755293182289,896.9238891601562,6292495,13.864954230331678,6.827463569765976
2024-03-22 00:00:00+05:30,LICI.NS,900.1066036087883,904.0849753374459,883.6958202280755,901.4492797851562,4895634,13.934909256224397,6.86191124141856
2024-03-26 00:00:00+05:30,LICI.NS,904.1843829954836,913.0362841060157,887.3757993734746,892.597412109375,3883441,13.798074078054954,6.794530045743891
2024-03-27 00:00:00+05:30,LICI.NS,896.0785167762796,908.0633494999562,884.1434015583174,887.6741943359375,7788410,13.721969304930244,6.757054078830308
2024-03-28 00:00:00+05:30,LICI.NS,897.7692852153832,922.9821903795831,896.8741273435228,911.1962890625,4191452,14.085581837416912,6.936106333732968
2024-04-01 00:00:00+05:30,LICI.NS,919.9984546270322,979.1270160951694,919.003861703111,965.3518676757812,4863536,14.922737172295275,7.34834336359733
2024-04-02 00:00:00+05:30,LICI.NS,967.3908194483431,996.3831663893685,956.1021534821206,993.0015869140625,5922613,15.350155926944852,7.5588154594965555
2024-04-03 00:00:00+05:30,LICI.NS,989.6199110963535,1010.5063614813016,984.6469467189849,992.3550415039062,4112423,15.340161408315138,7.553893898941205
2024-04-04 00:00:00+05:30,LICI.NS,998.3723524035836,1010.8544813016432,986.5864506845875,1001.1074829101562,3198816,15.475459621427675,7.620518253103115
2024-04-05 00:00:00+05:30,LICI.NS,1000.5604357175459,1006.1301315547956,984.6966671652921,987.382080078125,2430940,15.263287680910883,7.516039278968752
2024-04-08 00:00:00+05:30,LICI.NS,992.6037496908285,1001.555086110886,987.6805025187698,991.310791015625,1512582,15.3240190294578,7.5459449723348175
2024-04-09 00:00:00+05:30,LICI.NS,991.9074674750701,1009.4123385930689,969.0318312260275,973.955078125,3349559,15.055728522569177,7.413831758582629
2024-04-10 00:00:00+05:30,LICI.NS,977.4858856611519,984.4480359303981,968.7334803208402,971.6675415039062,2414938,15.020367004234137,7.3964188285293915
2024-04-12 00:00:00+05:30,LICI.NS,970.7226943348476,976.6405343767888,962.7659509386604,965.7000122070312,1850855,14.928118908749903,7.35099347040444
2024-04-15 00:00:00+05:30,LICI.NS,950.8805082177262,968.7334625065896,927.0102791621224,956.3507690429688,2950660,14.783595131287196,7.279826208746051
2024-04-16 00:00:00+05:30,LICI.NS,949.7864967006146,978.9777738708092,939.2935538051432,970.6232299804688,2226633,15.004223681874613,7.388469437318023
2024-04-18 00:00:00+05:30,LICI.NS,974.7507811445406,980.66862117195,952.8200193536796,955.853515625,1943056,14.7759084189983,7.276041071972291
2024-04-19 00:00:00+05:30,LICI.NS,947.697854797975,971.7172984847441,943.5206130308284,968.0372924804688,2273800,14.964249381364489,7.368785053516547
2024-04-22 00:00:00+05:30,LICI.NS,973.3085717302083,978.4804668665993,966.744282979683,969.3302001953125,1310535,14.984235588117368,7.378626780812304
2024-04-23 00:00:00+05:30,LICI.NS,974.1540598285428,1003.2459031026864,971.7172950030149,980.76806640625,4958541,15.161046010299119,7.465692824893431
2024-04-24 00:00:00+05:30,LICI.NS,986.5864679916787,1004.5388582178116,983.1053927404288,985.3929443359375,2492259,15.232538944750928,7.500897802663755
2024-04-25 00:00:00+05:30,LICI.NS,989.6199220857867,989.8188528041169,974.1540148414524,979.1766967773438,1754417,15.136446077868971,7.453579179244453
2024-04-26 00:00:00+05:30,LICI.NS,983.652394943456,1000.0631780744642,976.6902445242405,982.70751953125,3359199,15.191026735681714,7.480456112744538
2024-04-29 00:00:00+05:30,LICI.NS,988.6253331263543,988.6253331263543,972.313985440607,974.8999633789062,2000595,15.070334879871792,7.421024308281238
2024-04-30 00:00:00+05:30,LICI.NS,979.8232255870732,985.6415698048771,970.2750972667916,972.9605102539062,1883464,15.040354154489199,7.40626102043013
2024-05-02 00:00:00+05:30,LICI.NS,977.5853633037333,1004.3398752779309,975.3972468328182,993.7474975585938,4961650,15.36168646712929,7.564493396959684
2024-05-03 00:00:00+05:30,LICI.NS,998.37233015402,998.5712608729096,965.3021165842748,973.8556518554688,2207262,15.05419155751227,7.413074917069869
2024-05-06 00:00:00+05:30,LICI.NS,977.4858894175002,979.5745709293802,924.6233132359446,928.9497680664062,3714064,14.360021148035342,7.071247378141176
2024-05-07 00:00:00+05:30,LICI.NS,932.9281344745547,940.8848776257236,907.3173674567297,916.6665649414062,2154627,14.170143220612248,6.977746555084161
2024-05-08 00:00:00+05:30,LICI.NS,918.0092673536177,931.8838507617984,915.6222200578601,924.8222045898438,1315309,14.296215869374613,7.039828001749591
2024-05-09 00:00:00+05:30,LICI.NS,926.9108907854275,929.1487248719662,893.8406759510196,897.2720336914062,1510223,13.870335966786309,6.830113676573085
2024-05-10 00:00:00+05:30,LICI.NS,915.0254676631599,929.8449261497577,897.2720086867486,906.0244140625,2853402,14.005633236396662,6.896737566130014
2024-05-13 00:00:00+05:30,LICI.NS,905.9746743497853,907.7152118814777,883.7952046675438,886.8784790039062,2065788,13.70966886696408,6.750997023703328
2024-05-14 00:00:00+05:30,LICI.NS,891.801761086266,931.2870512285963,891.1552514097745,925.9660034179688,1922026,14.313897100293225,7.048534699078699
2024-05-15 00:00:00+05:30,LICI.NS,928.9497701625631,993.946392004839,927.5075983141106,984.64697265625,7637335,15.221007461064307,7.495219400595646
2024-05-16 00:00:00+05:30,LICI.NS,994.5929183920775,995.5377938055768,961.9702828098442,968.2362060546875,2292001,14.967324254980484,7.370299201147046
2024-05-17 00:00:00+05:30,LICI.NS,969.4296913404041,973.7064285792458,959.9810589895329,965.1529541015625,1524382,14.91966229867928,7.34682921596683
2024-05-21 00:00:00+05:30,LICI.NS,971.7670104398342,1028.2102199413089,969.7281070736806,1018.164794921875,6323927,15.739137346141213,7.750360013107064
2024-05-22 00:00:00+05:30,LICI.NS,1025.4252938211566,1060.9819904788737,1025.4252938211566,1049.7430419921875,7658810,16.227284618831156,7.990736408557414
2024-05-23 00:00:00+05:30,LICI.NS,1050.2900978859059,1053.273876573082,1022.9387932534605,1025.6241455078125,2389235,15.85444652199432,7.807141246158274
2024-05-24 00:00:00+05:30,LICI.NS,1027.4144336601346,1046.6101245956243,1007.8706595025528,1024.1820068359375,3747892,15.832153452402807,7.796163559685906
2024-05-27 00:00:00+05:30,LICI.NS,1029.4036269626627,1048.3008916122187,1018.5128835313658,1030.447998046875,3168271,15.929015273564307,7.843860836164079
2024-05-28 00:00:00+05:30,LICI.NS,1048.9971062063908,1056.7052013514285,1006.1799537630195,1010.5064086914062,6525071,15.620751409667744,7.692063703215394
2024-05-29 00:00:00+05:30,LICI.NS,1004.5388489110546,1018.8610112369887,987.630769275918,992.902099609375,2716582,15.348618018385764,7.558058153378815
2024-05-30 00:00:00+05:30,LICI.NS,991.1118476779266,1002.5496662913698,983.6524007561159,987.9291381835938,1863884,15.271744290981509,7.520203533406361
2024-05-31 00:00:00+05:30,LICI.NS,992.5539978716859,1012.4955733992797,987.3821026445332,1007.2242431640625,3432527,15.570014579750541,7.6670795704046775
2024-06-03 00:00:00+05:30,LICI.NS,1052.6274341801395,1072.9669330437382,1026.668582224784,1061.877197265625,8680378,16.41485851392217,8.08310266625276
2024-06-04 00:00:00+05:30,LICI.NS,1046.3117419447867,1046.3117419447867,875.2914788271381,922.8330078125,11529105,14.265466189712475,7.024686060839613
2024-06-05 00:00:00+05:30,LICI.NS,940.8849176777492,942.874103550218,896.1282355472008,936.309814453125,3835996,14.47379524583591,7.127272698889587
2024-06-06 00:00:00+05:30,LICI.NS,949.6372887036146,988.4761293045059,949.239487966726,975.4967041015625,3548002,15.07955950071978,7.425566751172737
2024-06-07 00:00:00+05:30,LICI.NS,977.6848270913089,992.3550724622111,971.1702556947486,988.8242797851562,2201013,15.28558169400458,7.527017430046101
2024-06-10 00:00:00+05:30,LICI.NS,995.5874680764846,1002.4999007001597,986.6361321996729,992.0069580078125,2211500,15.334780615362693,7.551244256739077
2024-06-11 00:00:00+05:30,LICI.NS,993.5983361720814,1015.4296631068793,986.7356206792293,1001.2567138671875,2965921,15.47776648426631,7.621654212279725
2024-06-12 00:00:00+05:30,LICI.NS,1004.5388051120497,1011.3020245301935,990.6642223459609,993.05126953125,2320470,15.350923937722214,7.559193647950445
2024-06-13 00:00:00+05:30,LICI.NS,998.5712521670282,1007.9701670301446,990.1172126815503,996.8804321289062,1570380,15.410116434207858,7.58834157059379
2024-06-14 00:00:00+05:30,LICI.NS,1000.3615359327772,1065.9051722260062,997.0296739690092,1061.0814208984375,12499063,16.40255713245382,8.077045146520799
2024-06-18 00:00:00+05:30,LICI.NS,1061.0813653044547,1079.133249942691,1045.7149542265179,1050.787353515625,4276266,16.243427941190678,7.998685799768783
2024-06-19 00:00:00+05:30,LICI.NS,1055.2630988605035,1058.0976644293,1017.9161464754118,1025.922607421875,3184916,15.859060247671588,7.809413164511494
2024-06-20 00:00:00+05:30,LICI.NS,1027.8620019016407,1035.3712269919624,1019.4577403138919,1021.8447875976562,1930583,15.796023923290404,7.778372441178779
2024-06-21 00:00:00+05:30,LICI.NS,1025.8231202066424,1040.145281953611,1009.561490203607,1018.4133911132812,2488419,15.742980230534569,7.752252349191453
2024-06-24 00:00:00+05:30,LICI.NS,1013.2414949438704,1022.7399054973883,999.5658428648734,1009.9593505859375,1521674,15.612294799597118,7.687899448777784
2024-06-25 00:00:00+05:30,LICI.NS,1017.4685144855597,1017.7171627051309,1000.3117873351433,1002.2015380859375,1268764,15.492371898066741,7.628846297373354
2024-06-26 00:00:00+05:30,LICI.NS,1002.5496404021275,1018.2641960372453,993.7972350475799,995.9853515625,1850138,15.39627997468697,7.581528138559031
2024-06-27 00:00:00+05:30,LICI.NS,998.123696329219,1011.8988444680211,982.7075063224543,986.3875122070312,2516238,15.247913312830905,7.508468540816254
2024-06-28 00:00:00+05:30,LICI.NS,992.6037320490282,1008.5172187351849,979.8729548411296,983.4037475585938,2730672,15.20178926508879,7.485755861753777
2024-07-01 00:00:00+05:30,LICI.NS,989.6199703042073,1000.6599276004213,984.7464406407556,990.962646484375,1804287,15.31863729300317,7.543294865527708
2024-07-02 00:00:00+05:30,LICI.NS,992.6037107417353,994.294530806871,976.8891551175119,980.12158203125,1535205,15.151052435171588,7.460771728943062
2024-07-03 00:00:00+05:30,LICI.NS,980.1216199170863,988.0286458912044,980.1216199170863,982.8567504882812,1128509,15.193333598520347,7.481592071921148
2024-07-04 00:00:00+05:30,LICI.NS,985.6415965158121,1018.9604597683648,985.6415965158121,1004.73779296875,3904568,15.531578187799505,7.648152492720941
2024-07-05 00:00:00+05:30,LICI.NS,1004.7377816310816,1018.6620218295908,998.3723626502193,1010.1583251953125,2331848,15.615370616715296,7.689414061013264
2024-07-08 00:00:00+05:30,LICI.NS,1011.5009547829675,1020.8501520984124,993.697718022434,1007.8706665039062,2355243,15.58000721137589,7.672000201750066
2024-07-09 00:00:00+05:30,LICI.NS,1009.0144855552393,1036.3657899936513,1002.7485624976478,1026.7679443359375,6941750,15.872127752912931,7.815847943487383
2024-07-10 00:00:00+05:30,LICI.NS,1027.3646350929203,1056.2576059284183,1010.506334861839,1043.8251953125,7415472,16.135804534124286,7.945689238886351
2024-07-11 00:00:00+05:30,LICI.NS,1047.2565793165973,1057.1528518374,1033.5809264998827,1051.6328125,3411317,16.25649733343639,8.005121507954632
2024-07-12 00:00:00+05:30,LICI.NS,1059.2414843322115,1060.186299063986,1039.9463569552793,1045.8642578125,2662257,16.167325055070336,7.961210762065159
2024-07-15 00:00:00+05:30,LICI.NS,1049.2955036266499,1061.230618359844,1032.984155875898,1054.56689453125,2971983,16.301853370401144,8.027455998563218
2024-07-16 00:00:00+05:30,LICI.NS,1059.2414091547728,1111.7559613840158,1052.4781290580363,1102.4564208984375,14185936,17.04214594061582,8.391995287344427
2024-07-18 00:00:00+05:30,LICI.NS,1103.0035147536598,1123.8899654388058,1082.4154904995505,1103.6500244140625,7475945,17.060597069316163,8.401081102337386
2024-07-19 00:00:00+05:30,LICI.NS,1106.0,1118.699951171875,1063.3499755859375,1108.25,5579511,17.131705054877106,8.436096521275786
2024-07-22 00:00:00+05:30,LICI.NS,1100.0,1146.4000244140625,1090.0,1123.699951171875,6769614,17.370535649588422,8.553702909125942
2024-07-23 00:00:00+05:30,LICI.NS,1130.449951171875,1143.699951171875,1044.5,1086.6500244140625,6560323,16.797805293152923,8.271675606409854
2024-07-24 00:00:00+05:30,LICI.NS,1090.0,1170.0,1088.1500244140625,1160.550048828125,7850480,17.940176979875176,8.834209095136828
2024-07-25 00:00:00+05:30,LICI.NS,1140.0,1173.0,1130.0,1160.9000244140625,5527885,17.94558702139531,8.836873140093344
2024-07-26 00:00:00+05:30,LICI.NS,1165.0,1197.0,1151.050048828125,1184.3499755859375,7729718,18.30808433430109,9.015376231909396
2024-07-29 00:00:00+05:30,LICI.NS,1194.6500244140625,1197.0,1165.300048828125,1173.5999755859375,3020820,18.141907181727277,8.933546285955222
2024-07-30 00:00:00+05:30,LICI.NS,1173.5999755859375,1192.449951171875,1163.800048828125,1188.0999755859375,3011688,18.366053108454746,9.043921561893411
2024-07-31 00:00:00+05:30,LICI.NS,1188.0999755859375,1193.5,1168.8499755859375,1176.0999755859375,3126309,18.180553031163047,8.952576505944565
2024-08-01 00:00:00+05:30,LICI.NS,1183.1500244140625,1222.0,1176.050048828125,1179.1500244140625,6938545,18.227701722276436,8.975793746015547
2024-08-02 00:00:00+05:30,LICI.NS,1172.050048828125,1191.0,1160.0,1179.550048828125,3057586,18.23388543558703,8.978838767055834
2024-08-05 00:00:00+05:30,LICI.NS,1154.0,1154.0,1087.0,1107.6500244140625,5878903,17.122430428413395,8.431529454320335
2024-08-06 00:00:00+05:30,LICI.NS,1120.0,1136.9000244140625,1076.199951171875,1079.550048828125,3343418,16.688051458156206,8.217629967482111
2024-08-07 00:00:00+05:30,LICI.NS,1115.0,1127.800048828125,1084.75,1123.550048828125,2488460,17.36821840822577,8.55256183929455
2024-08-08 00:00:00+05:30,LICI.NS,1126.0,1148.4000244140625,1118.9000244140625,1125.5999755859375,2615890,17.399906872560482,8.568166062159834
2024-08-09 00:00:00+05:30,LICI.NS,1155.0,1160.0,1128.949951171875,1133.449951171875,3598457,17.521254462387926,8.62792076708438
2024-08-12 00:00:00+05:30,LICI.NS,1125.0,1130.300048828125,1071.0999755859375,1074.3499755859375,5939943,16.607666959127183,8.178046552378301
2024-08-13 00:00:00+05:30,LICI.NS,1086.0,1089.9000244140625,1020.0999755859375,1028.5999755859375,3776212,15.900447914452583,7.829793526573323
2024-08-14 00:00:00+05:30,LICI.NS,1042.5,1044.0,1003.75,1027.300048828125,3380840,15.880353204948602,7.819898369704841
2024-08-16 00:00:00+05:30,LICI.NS,1040.0,1065.0,1037.300048828125,1057.300048828125,2611128,16.34410339817785,8.048261009576958
2024-08-19 00:00:00+05:30,LICI.NS,1059.6500244140625,1075.0,1056.6500244140625,1072.3499755859375,1779464,16.57675027957857,8.162822376386828
2024-08-20 00:00:00+05:30,LICI.NS,1074.949951171875,1082.0,1065.550048828125,1067.949951171875,1145286,16.50873320717074,8.12932900336359
2024-08-21 00:00:00+05:30,LICI.NS,1069.9000244140625,1086.75,1065.0,1084.1500244140625,1381891,16.759159443717152,8.252645386420511
2024-08-22 00:00:00+05:30,LICI.NS,1092.0,1092.0,1072.5,1075.5,1019258,16.625444427268512,8.186800639415392
2024-08-23 00:00:00+05:30,LICI.NS,1080.300048828125,1080.300048828125,1059.0,1061.3499755859375,922493,16.40670854206118,8.079089408433717
2024-08-26 00:00:00+05:30,LICI.NS,1065.0,1073.75,1049.699951171875,1052.050048828125,1156208,16.26294711436273,8.008297547599337
2024-08-27 00:00:00+05:30,LICI.NS,1061.9000244140625,1090.0,1045.0,1079.1500244140625,3116822,16.68186774484561,8.214584946441825
2024-08-28 00:00:00+05:30,LICI.NS,1080.449951171875,1095.0,1073.0,1084.5,1481538,16.764569485237285,8.255309431377027
2024-08-29 00:00:00+05:30,LICI.NS,1088.0,1088.0,1061.0,1068.8499755859375,1520168,16.52264609036849,8.136180068401746
2024-08-30 00:00:00+05:30,LICI.NS,1070.0,1078.5,1061.0,1064.25,933547,16.451538104807543,8.101164649463348
2024-09-02 00:00:00+05:30,LICI.NS,1065.5,1070.25,1055.75,1058.5999755859375,857165,16.36419810768183,8.05815616644544
2024-09-03 00:00:00+05:30,LICI.NS,1064.0,1068.800048828125,1054.449951171875,1062.300048828125,857613,16.42139509704939,8.086321449555644
2024-09-04 00:00:00+05:30,LICI.NS,1055.0999755859375,1069.9000244140625,1050.5999755859375,1064.75,978470,16.4592672746947,8.104970693461215
2024-09-05 00:00:00+05:30,LICI.NS,1064.0,1079.949951171875,1058.300048828125,1069.300048828125,1019982,16.529603475469546,8.139606065525804
2024-09-06 00:00:00+05:30,LICI.NS,1065.0,1072.0,1035.0,1038.9000244140625,1370284,16.059669568929703,7.908198404613401
2024-09-09 00:00:00+05:30,LICI.NS,1038.9000244140625,1044.9000244140625,1020.0,1029.300048828125,1433956,15.911269884497218,7.835122545696316
2024-09-10 00:00:00+05:30,LICI.NS,1034.0,1045.0,1030.0,1032.1500244140625,749982,15.955325775453122,7.856816810642174
2024-09-11 00:00:00+05:30,LICI.NS,1033.0,1036.8499755859375,1004.8499755859375,1013.7000122070312,973759,15.6701192179167,7.716373694199826
2024-09-12 00:00:00+05:30,LICI.NS,1019.9000244140625,1034.9000244140625,1018.9500122070312,1031.5999755859375,836623,15.946822933775508,7.852629790560535
2024-09-13 00:00:00+05:30,LICI.NS,1035.0,1046.0,1028.699951171875,1034.1500244140625,870819,15.98624245500174,7.872040986633649
2024-09-16 00:00:00+05:30,LICI.NS,1039.0,1041.6500244140625,1026.050048828125,1028.1500244140625,927727,15.89349241635589,7.826368458659226
2024-09-17 00:00:00+05:30,LICI.NS,1029.949951171875,1029.949951171875,1020.0,1021.2000122070312,502810,15.78605676622401,7.773464354167856
2024-09-18 00:00:00+05:30,LICI.NS,1021.0,1034.449951171875,1016.0,1018.5999755859375,708747,15.7458645167095,7.753672646615951
2024-09-19 00:00:00+05:30,LICI.NS,1023.0,1029.550048828125,991.0,1000.5499877929688,1381614,15.466841672483673,7.61627455121389
2024-09-20 00:00:00+05:30,LICI.NS,1008.0,1024.449951171875,1002.5,1010.3499755859375,1547836,15.618333213571457,7.690872920651119
2024-09-23 00:00:00+05:30,LICI.NS,1012.9500122070312,1037.449951171875,1012.1500244140625,1032.8499755859375,1343379,15.966145858493393,7.862144900555206
2024-09-24 00:00:00+05:30,LICI.NS,1032.8499755859375,1043.449951171875,1025.25,1028.199951171875,922727,15.894264201141985,7.826748505533036
2024-09-25 00:00:00+05:30,LICI.NS,1026.949951171875,1032.449951171875,1013.0999755859375,1019.0,979782,15.752048230020096,7.756717667656238
2024-09-26 00:00:00+05:30,LICI.NS,1024.0,1048.9000244140625,1010.5,1028.050048828125,2653652,15.891946959779332,7.825607435701644
2024-09-27 00:00:00+05:30,LICI.NS,1033.199951171875,1033.199951171875,1020.4000244140625,1024.25,1196872,15.833204513835215,7.796681129633859
2024-09-30 00:00:00+05:30,LICI.NS,1022.0,1022.0,1003.0999755859375,1006.9500122070312,1434359,15.565775424440119,7.6649921002286
2024-10-01 00:00:00+05:30,LICI.NS,1008.3499755859375,1012.4000244140625,999.0,1000.0499877929688,1146284,15.459112502596518,7.612468507216021
2024-10-03 00:00:00+05:30,LICI.NS,990.0,994.8499755859375,964.25,967.3499755859375,1963460,14.953624603276202,7.363553136834418
2024-10-04 00:00:00+05:30,LICI.NS,973.0,982.7999877929688,955.7000122070312,971.1500244140625,1345161,15.012367049220321,7.392479442902204
2024-10-07 00:00:00+05:30,LICI.NS,971.0,977.0,924.1500244140625,931.0,3406517,14.39171432988097,7.086853924031361
2024-10-08 00:00:00+05:30,LICI.NS,931.0,967.4500122070312,923.0999755859375,964.4000244140625,3021144,14.908023255743739,7.3410978489309775
2024-10-09 00:00:00+05:30,LICI.NS,971.0,977.25,964.0,970.9500122070312,857896,15.009275192565022,7.39095693238206
2024-10-10 00:00:00+05:30,LICI.NS,974.0,979.2000122070312,962.0499877929688,965.1500244140625,600669,14.919617010574472,7.34680691492778
2024-10-11 00:00:00+05:30,LICI.NS,967.4500122070312,971.9000244140625,947.25,948.8499755859375,957899,14.6676453174515,7.222729508913279
2024-10-14 00:00:00+05:30,LICI.NS,958.2999877929688,965.9500122070312,954.75,959.5,655775,14.832277013448756,7.303798431909873
2024-10-15 00:00:00+05:30,LICI.NS,963.0,965.0,943.2999877929688,947.8499755859375,1201370,14.652186977677191,7.215117420917542
2024-10-16 00:00:00+05:30,LICI.NS,947.8499755859375,955.0,941.25,942.9500122070312,976566,14.576441678884391,7.1778184685014175
2024-10-17 00:00:00+05:30,LICI.NS,942.9500122070312,949.9000244140625,931.0,933.0999755859375,731896,14.424176466006145,7.102839122980417
2024-10-18 00:00:00+05:30,LICI.NS,930.0,941.9500122070312,925.2999877929688,934.9000244140625,707640,14.452002232401647,7.116541253056729
2024-10-21 00:00:00+05:30,LICI.NS,945.0,952.9000244140625,922.0999755859375,926.2999877929688,767516,14.319059944241285,7.0510770175304005
2024-10-22 00:00:00+05:30,LICI.NS,926.0,933.2999877929688,909.25,915.5,1397403,14.152110063379194,6.968866560097434
2024-10-23 00:00:00+05:30,LICI.NS,919.8499755859375,924.9000244140625,895.1500244140625,909.4500122070312,1053255,14.058587296445065,6.92281352064422
2024-10-24 00:00:00+05:30,LICI.NS,906.0,924.0,906.0,912.4000244140625,911588,14.104189587479711,6.9452692731526415
2024-10-25 00:00:00+05:30,LICI.NS,910.0999755859375,918.0,888.2999877929688,903.6500244140625,1268810,13.968929114454514,6.878663503189941
2024-10-28 00:00:00+05:30,LICI.NS,909.3499755859375,923.6500244140625,896.6500244140625,915.4000244140625,1060660,14.150564606802636,6.968105537139853
2024-10-29 00:00:00+05:30,LICI.NS,920.0999755859375,937.1500244140625,915.7999877929688,934.4000244140625,1053721,14.444273062514492,7.11273520905886
2024-10-30 00:00:00+05:30,LICI.NS,937.8499755859375,947.4500122070312,930.0499877929688,934.9500122070312,683462,14.452774960689926,7.11692176453552
2024-10-31 00:00:00+05:30,LICI.NS,933.0,939.5,920.0,923.0499877929688,634496,14.268820339974784,7.026337731544254
2024-11-01 00:00:00+05:30,LICI.NS,926.9000244140625,932.0,925.2999877929688,930.3499755859375,153297,14.381666031626798,7.0819058809921405
2024-11-04 00:00:00+05:30,LICI.NS,934.0,936.4000244140625,911.25,923.75,614860,14.279641366517236,7.031666286062267
2024-11-05 00:00:00+05:30,LICI.NS,925.0,930.3499755859375,915.7999877929688,928.6500244140625,834576,14.35538760881222,7.0689657030833715
2024-11-06 00:00:00+05:30,LICI.NS,930.0,947.7999877929688,924.1500244140625,945.25,1026191,14.611995671664864,7.1953261779706175
2024-11-07 00:00:00+05:30,LICI.NS,945.0,954.0,927.1500244140625,929.7000122070312,816992,14.371618676874807,7.076958302557899
2024-11-08 00:00:00+05:30,LICI.NS,931.0,934.8499755859375,911.9000244140625,914.6500244140625,717691,14.138970851971905,6.96239647114305
